ID_COTA;CODIGO_GRUPO;CODIGO_COTA;VERSAO;NUMERO_CONTRATO;CODIGO_PLANO_VENDA;NOME_PLANO_VENDA;SEGMENTO;VL_BEM_ADESAO;VL_BEM_ATUAL;CODIGO_BEM;DESCRICAO_BEM;DT_VENDA;DT_ADESAO;DT_CADASTRO;DT_PAGTO_PRIMEIRA_PARCELA;UF_CLIENTE;SITUACAO_GRUPO;DATA_CANCELAMENTO;CODIGO_REPRESENTANTE;CGC_CPF_REPRESENTANTE;Representante;CODIGO_EQUIPE;Equipe;CODIGO_FILIAL_VENDA;Filial;QTD_Parcela_Paga;COBRANCA_QT_PC_ATRASO;COBRANCA_QT_DIAS_ATRASO;COBRANCA_VALOR_COBRANCA;COBRANCA_VALOR_FUNDO_COMUM;COBRANCA_VALOR_TAXA_ADM;COBRANCA_VALOR_FUNDO_RESERVA;COBRANCA_VALOR_SEGURO_VIDA;COBRANCA_VALOR_MULTA;COBRANCA_DATA_SITUACAO;COBRANCA_CODIGO_SITUACAO;CONTEMPLACAO_DATA_CONTEMPLACAO;CONTEMPLACAO_PERCENTUAL_LANCE;CONTEMPLACAO_PARCELAS_LANCE;CONTEMPLACAO_MODALIDADE;CONTEMPLACAO_DESCRICAO_MODALIDADE;CONTEMPLACAO_LANCE_QUITACAO;CONTEMPLACAO_VALOR_LANCE;CONTEMPLACAO_VALOR_CREDITO;MOTIVO_CANCELAMENTO;DT_MTVO_CANCE;VALOR_FUNDO_COMUM_PAGO;VALOR_FUNDO_RESERVA_PAGO;VALOR_JUROS_PAGO;VALOR_TAXA_ADMINISTRACAO_PAGO;VALOR_SEGURO_PAGO;PERCENTUAL_TAXA_ADMINISTRACAO_TOTAL;PERCENTUAL_FUNDO_RESERVA_TOTAL;TIPO_REP;DT_CONTABILIZACAO_PARC1;Prazo_Cota
418913;1035;58;5;22072716;912;TAB AUTOS - WL 912/913;AUTOMOVEIS;26880,92;28319,05;3200;CRÉDITO AUTO 25;29/01/2025;29/01/2025;29/01/2025;;PR;ANDAMENTO;25/02/2025;003045;17278571000195;GFT PROMOTORA DE VENDAS LTDA -VENDAS;3044;GFT PROMOTORA - GFT;18;SANDRO;;0;0;561,96;119,11;413,97;9,11;19,77;0;25/02/2025 00:00;E00;;;;;;;;;1PARCELA SEM PAGAMENTO;25/02/2025 10:03;;;;;;;;GFT - WHITE LABEL;;59
427950;903;58;0;22081109;943;TAB 1 SERVIÇO - WL;SERVIÇOS;25000;25000;9063;SERVIÇOS 25;28/03/2025;28/03/2025;28/03/2025;01/04/2025;CE;ANDAMENTO;;003045;17278571000195;GFT PROMOTORA DE VENDAS LTDA -VENDAS;3044;GFT PROMOTORA - GFT;18;SANDRO;11;;;;;;;;;13/06/2025 00:00;N00;;;;;;;;;;;2872,9;229,12;0,34;2489,65;121;17;5;GFT - WHITE LABEL;;60
427956;903;62;1;22081115;943;TAB 1 SERVIÇO - WL;SERVIÇOS;25000;25000;9063;SERVIÇOS 25;28/03/2025;28/03/2025;28/03/2025;01/04/2025;CE;ANDAMENTO;29/08/2025;003045;17278571000195;GFT PROMOTORA DE VENDAS LTDA -VENDAS;3044;GFT PROMOTORA - GFT;18;SANDRO;2;0;0;519,33;102,5;385;20,83;11;0;29/08/2025 00:00;E00;;;;;;;;;PARCELAS EM ATRASO;29/08/2025 00:00;205;41,65;0,51;770;22;17;5;GFT - WHITE LABEL;02/04/2025 00:00;60
427963;903;63;1;22081122;943;TAB 1 SERVIÇO - WL;SERVIÇOS;25000;25000;9063;SERVIÇOS 25;28/03/2025;28/03/2025;28/03/2025;01/04/2025;AM;ANDAMENTO;31/07/2025;003045;17278571000195;GFT PROMOTORA DE VENDAS LTDA -VENDAS;3044;GFT PROMOTORA - GFT;18;SANDRO;1;0;0;519,33;102,5;385;20,83;11;0;31/07/2025 00:00;E00;;;;;;;;;PARCELAS EM ATRASO;31/07/2025 00:00;102,5;20,82;0;385;11;17;5;GFT - WHITE LABEL;02/04/2025 00:00;60
427971;903;67;0;22081130;943;TAB 1 SERVIÇO - WL;SERVIÇOS;25000;25000;9063;SERVIÇOS 25;28/03/2025;28/03/2025;28/03/2025;01/04/2025;SC;ANDAMENTO;;003045;17278571000195;GFT PROMOTORA DE VENDAS LTDA -VENDAS;3044;GFT PROMOTORA - GFT;18;SANDRO;10;;;;;;;;;28/03/2025 00:00;N00;;;;;;;;;;;2421,32;208,29;0;2453,72;110;17;5;GFT - WHITE LABEL;02/04/2025 00:00;60
427980;903;69;1;22081139;943;TAB 1 SERVIÇO - WL;SERVIÇOS;50000;50000;9068;SERVIÇOS 50;28/03/2025;28/03/2025;28/03/2025;01/04/2025;PB;ANDAMENTO;31/07/2025;003045;17278571000195;GFT PROMOTORA DE VENDAS LTDA -VENDAS;3044;GFT PROMOTORA - GFT;18;SANDRO;1;0;0;1038,64;205;770;41,65;21,99;0;31/07/2025 00:00;E00;;;;;;;;;PARCELAS EM ATRASO;31/07/2025 00:00;205;41,65;0;770;21,99;17;5;GFT - WHITE LABEL;02/04/2025 00:00;60
427982;903;72;1;22081141;943;TAB 1 SERVIÇO - WL;SERVIÇOS;25000;25000;9063;SERVIÇOS 25;28/03/2025;28/03/2025;28/03/2025;01/04/2025;AL;ANDAMENTO;31/07/2025;003045;17278571000195;GFT PROMOTORA DE VENDAS LTDA -VENDAS;3044;GFT PROMOTORA - GFT;18;SANDRO;1;0;0;519,33;102,5;385;20,83;11;0;31/07/2025 00:00;E00;;;;;;;;;PARCELAS EM ATRASO;31/07/2025 00:00;102,5;20,82;0;385;11;17;5;GFT - WHITE LABEL;02/04/2025 00:00;60
427990;903;76;1;22081149;943;TAB 1 SERVIÇO - WL;SERVIÇOS;25000;25000;9063;SERVIÇOS 25;28/03/2025;28/03/2025;28/03/2025;01/04/2025;CE;ANDAMENTO;30/12/2025;003045;17278571000195;GFT PROMOTORA DE VENDAS LTDA -VENDAS;3044;GFT PROMOTORA - GFT;18;SANDRO;6;0;0;519,17;451,58;35,76;20,83;11;0;30/12/2025 00:00;E00;;;;;;;;;PARCELAS EM ATRASO;30/12/2025 00:00;615,05;124,96;8,46;2310,19;66;17;5;GFT - WHITE LABEL;02/04/2025 00:00;60
428002;903;82;0;22081161;943;TAB 1 SERVIÇO - WL;SERVIÇOS;25000;25000;9063;SERVIÇOS 25;28/03/2025;28/03/2025;28/03/2025;31/03/2025;CE;ANDAMENTO;;003044;17278571000195;GFT PROMOTORA DE VENDAS LTDA;3044;GFT PROMOTORA - GFT;18;SANDRO;10;;;;;;;;;28/03/2025 00:00;N00;;;;;;;;;;;2421,32;208,29;0;2453,72;110;17;5;GFT - WHITE LABEL;01/04/2025 00:00;60
428011;903;89;0;22081170;943;TAB 1 SERVIÇO - WL;SERVIÇOS;25000;25000;9063;SERVIÇOS 25;28/03/2025;28/03/2025;28/03/2025;31/03/2025;CE;ANDAMENTO;;003044;17278571000195;GFT PROMOTORA DE VENDAS LTDA;3044;GFT PROMOTORA - GFT;18;SANDRO;10;;;;;;;;;12/08/2025 00:00;N00;;;;;;;;;;;2421,32;208,29;0;2453,72;110;17;5;GFT - WHITE LABEL;01/04/2025 00:00;60
429023;903;104;1;22082063;943;TAB 1 SERVIÇO - WL;SERVIÇOS;50000;50000;9068;SERVIÇOS 50;03/04/2025;03/04/2025;03/04/2025;04/04/2025;CE;ANDAMENTO;05/06/2025;003045;17278571000195;GFT PROMOTORA DE VENDAS LTDA -VENDAS;3044;GFT PROMOTORA - GFT;18;SANDRO;1;0;0;1038,64;205;770;41,65;21,99;0;05/06/2025 00:00;E00;;;;;;;;;SOLICITACAO CONSORCIADO;05/06/2025 00:00;184,5;41,65;0;790,5;21,99;17;5;GFT - WHITE LABEL;07/04/2025 00:00;60
431823;1046;1320;1;22084506;928;TAB AUTOS REDUZ - WL 928;AUTOMOVEIS;46000;46000;3553;CREDITO AUTO 46;17/04/2025;17/04/2025;17/04/2025;17/04/2025;RO;ANDAMENTO;21/10/2025;003095;49552580000119;CAPITAL PRIME CORRETORA CONSORCIOS LTDA;3095;CAPITAL PRIME - GFT;18;SANDRO;4;0;0;364,08;23,18;314,82;5,52;20,56;0;21/10/2025 00:00;E00;;;;;;;;;SOLICITACAO CONSORCIADO;21/10/2025 00:00;92,72;22,08;0;1259,33;82,24;22;2;GFT - DISTRATO SUPORTE;22/04/2025 00:00;83
427922;903;36;0;22081082;943;TAB 1 SERVIÇO - WL;SERVIÇOS;25000;25000;9063;SERVIÇOS 25;28/03/2025;28/03/2025;28/03/2025;01/04/2025;CE;ANDAMENTO;;003045;17278571000195;GFT PROMOTORA DE VENDAS LTDA -VENDAS;3044;GFT PROMOTORA - GFT;18;SANDRO;10;;;;;;;;;19/01/2026 00:00;N00;;;;;;;;;;;2421,32;208,29;6,61;2453,72;110;17;5;GFT - WHITE LABEL;02/04/2025 00:00;60
427940;903;54;0;22081099;943;TAB 1 SERVIÇO - WL;SERVIÇOS;25000;25000;9063;SERVIÇOS 25;28/03/2025;28/03/2025;28/03/2025;31/03/2025;CE;ANDAMENTO;;003044;17278571000195;GFT PROMOTORA DE VENDAS LTDA;3044;GFT PROMOTORA - GFT;18;SANDRO;34;;;;;;;;;28/03/2025 00:00;N00;19/05/2025;50;30;LL;Lance Livre;NÃO;12500;25000;;;13532,1;721,29;0;3337,77;110;17;5;GFT - WHITE LABEL;01/04/2025 00:00;60
427942;903;53;0;22081101;943;TAB 1 SERVIÇO - WL;SERVIÇOS;25000;25000;9063;SERVIÇOS 25;28/03/2025;28/03/2025;28/03/2025;01/04/2025;CE;ANDAMENTO;;003045;17278571000195;GFT PROMOTORA DE VENDAS LTDA -VENDAS;3044;GFT PROMOTORA - GFT;18;SANDRO;10;;;;;;;;;15/07/2025 00:00;N00;;;;;;;;;;;2421,32;208,29;0,68;2453,73;110;17;5;GFT - WHITE LABEL;02/04/2025 00:00;60
427944;903;56;0;22081103;943;TAB 1 SERVIÇO - WL;SERVIÇOS;25000;25000;9063;SERVIÇOS 25;28/03/2025;28/03/2025;28/03/2025;01/04/2025;CE;ANDAMENTO;;003045;17278571000195;GFT PROMOTORA DE VENDAS LTDA -VENDAS;3044;GFT PROMOTORA - GFT;18;SANDRO;10;;;;;;;;;15/07/2025 00:00;N00;;;;;;;;;;;2421,32;208,29;0,68;2453,73;110;17;5;GFT - WHITE LABEL;02/04/2025 00:00;60
427945;903;57;0;22081104;943;TAB 1 SERVIÇO - WL;SERVIÇOS;25000;25000;9063;SERVIÇOS 25;28/03/2025;28/03/2025;28/03/2025;31/03/2025;CE;ANDAMENTO;;003044;17278571000195;GFT PROMOTORA DE VENDAS LTDA;3044;GFT PROMOTORA - GFT;18;SANDRO;10;;;;;;;;;28/03/2025 00:00;N00;;;;;;;;;;;2421,32;208,29;0;2453,72;110;17;5;GFT - WHITE LABEL;01/04/2025 00:00;60
427968;903;65;0;22081127;943;TAB 1 SERVIÇO - WL;SERVIÇOS;25000;25000;9063;SERVIÇOS 25;28/03/2025;28/03/2025;28/03/2025;31/03/2025;CE;ANDAMENTO;;003044;17278571000195;GFT PROMOTORA DE VENDAS LTDA;3044;GFT PROMOTORA - GFT;18;SANDRO;41;;;;;;;;;28/03/2025 00:00;N00;17/07/2025;65;39;LL;Lance Livre;NÃO;16250;25000;;;16865,53;875,05;0;3603,02;110;17;5;GFT - WHITE LABEL;01/04/2025 00:00;60
427994;903;75;0;22081153;943;TAB 1 SERVIÇO - WL;SERVIÇOS;25000;25000;9063;SERVIÇOS 25;28/03/2025;28/03/2025;28/03/2025;31/03/2025;CE;ANDAMENTO;;003044;17278571000195;GFT PROMOTORA DE VENDAS LTDA;3044;GFT PROMOTORA - GFT;18;SANDRO;10;;;;;;;;;28/03/2025 00:00;N00;;;;;;;;;;;2421,32;208,29;0;2453,72;110;17;5;GFT - WHITE LABEL;01/04/2025 00:00;60
427997;903;77;1;22081156;943;TAB 1 SERVIÇO - WL;SERVIÇOS;25000;25000;9063;SERVIÇOS 25;28/03/2025;28/03/2025;28/03/2025;01/04/2025;PB;ANDAMENTO;16/05/2025;003045;17278571000195;GFT PROMOTORA DE VENDAS LTDA -VENDAS;3044;GFT PROMOTORA - GFT;18;SANDRO;1;0;0;519,33;102,5;385;20,83;11;0;16/05/2025 00:00;E00;;;;;;;;;SOLICITACAO CONSORCIADO;16/05/2025 00:00;92,25;20,82;0;395,25;11;17;5;GFT - WHITE LABEL;02/04/2025 00:00;60
432980;1046;1476;1;22085548;928;TAB AUTOS REDUZ - WL 928;AUTOMOVEIS;40000;40000;3550;CREDITO AUTO 40;25/04/2025;25/04/2025;25/04/2025;28/04/2025;RO;ANDAMENTO;29/08/2025;003095;49552580000119;CAPITAL PRIME CORRETORA CONSORCIOS LTDA;3095;CAPITAL PRIME - GFT;18;SANDRO;1;0;0;316,64;20,16;273,8;4,8;17,88;0;29/08/2025 00:00;E00;;;;;;;;;PARCELAS EM ATRASO;29/08/2025 00:00;20,16;4,8;0;273,8;17,88;22;2;GFT - DISTRATO SUPORTE;29/04/2025 00:00;83
433842;903;112;2;22086341;943;TAB 1 SERVIÇO - WL;SERVIÇOS;30000;30000;9064;SERVIÇOS 30;30/04/2025;30/04/2025;30/04/2025;30/04/2025;PE;ANDAMENTO;18/08/2025;003044;17278571000195;GFT PROMOTORA DE VENDAS LTDA;3044;GFT PROMOTORA - GFT;18;SANDRO;1;0;0;633,53;132,93;462;25,41;13,19;0;18/08/2025 00:00;E00;;;;;;;;;PARCELAS EM ATRASO;18/08/2025 00:00;132,93;25,41;0;462;13,19;17;5;GFT - WHITE LABEL;02/05/2025 00:00;59
434559;1044;808;0;22087022;928;TAB AUTOS REDUZ - WL 928;AUTOMOVEIS;102960;102960;3527;CREDITO AUTO 99;05/05/2025;05/05/2025;05/05/2025;06/05/2025;PI;ANDAMENTO;;003208;55098945000180;LIFEBANK INSTITUICAO DE PAGAMENTOS LTDA;3208;LIFEBANK - GFT;18;SANDRO;10;;;;;;;;;17/12/2025 00:00;N00;;;;;;;;;;;927,43;257,5;1,59;6873,99;446;21;2;GFT - REPRESENTANTE;07/05/2025 00:00;78
435067;1038;331;7;22087478;689;TAB AUTO WL RED FUNCIONARIO;AUTOMOVEIS;54793,76;54793,76;3271;CREDITO AUTO 50;08/05/2025;08/05/2025;08/05/2025;09/05/2025;CE;ANDAMENTO;30/09/2025;003075;17278571000195;GFT PROMOTORA DE VENDAS LTDA - DILSON;3044;GFT PROMOTORA - GFT;18;SANDRO;2;0;0;496,86;238,79;219,17;16,38;22,52;0;30/09/2025 00:00;E00;;;;;;;;;PARCELAS EM ATRASO;30/09/2025 00:00;454,28;31,16;0,45;416,96;42,84;12;2;GFT - WHITE LABEL;12/05/2025 00:00;67
422040;311;114;0;22075717;62;TAB 1 MOTO - TOTAL;MOTOCICLETAS;15769,5;15769,5;9047;CARTA DE CRÉDITO - MOTO15;19/02/2025;19/02/2025;19/02/2025;19/02/2025;PR;ANDAMENTO;;003124;17278571000195;GFT PROMOTORA DE VENDAS LTDA;3044;GFT PROMOTORA - GFT;18;SANDRO;12;;;;;;;;;19/02/2025 00:00;N00;23/06/2025;0;0;SO;Sorteio;NÃO;0;15000;;;1521,53;47,27;0;1437,06;196,82;25;2;GFT - WHITE LABEL;20/02/2025 00:00;78
427941;903;55;0;22081100;;;SERVIÇOS;25000;25000;9063;SERVIÇOS 25;28/03/2025;28/03/2025;28/03/2025;31/03/2025;CE;ANDAMENTO;;003044;17278571000195;GFT PROMOTORA DE VENDAS LTDA;3044;GFT PROMOTORA - GFT;18;SANDRO;46;;;;;;;;;28/03/2025 00:00;N00;19/01/2026;74;41;LL;Lance Livre;NÃO;18500;25000;;;18876,54;967,79;0;3763,03;110;17;5;GFT - WHITE LABEL;01/04/2025 00:00;60
427966;903;59;1;22081125;943;TAB 1 SERVIÇO - WL;SERVIÇOS;25000;25000;9063;SERVIÇOS 25;28/03/2025;28/03/2025;28/03/2025;01/04/2025;CE;ANDAMENTO;30/09/2025;003045;17278571000195;GFT PROMOTORA DE VENDAS LTDA -VENDAS;3044;GFT PROMOTORA - GFT;18;SANDRO;3;0;0;519,33;102,5;385;20,83;11;0;30/09/2025 00:00;E00;;;;;;;;;PARCELAS EM ATRASO;30/09/2025 00:00;307,5;62,48;1,87;1155;33;17;5;GFT - WHITE LABEL;02/04/2025 00:00;60
427972;903;68;0;22081131;943;TAB 1 SERVIÇO - WL;SERVIÇOS;25000;25000;9063;SERVIÇOS 25;28/03/2025;28/03/2025;28/03/2025;01/04/2025;SC;ANDAMENTO;;003045;17278571000195;GFT PROMOTORA DE VENDAS LTDA -VENDAS;3044;GFT PROMOTORA - GFT;18;SANDRO;10;;;;;;;;;28/03/2025 00:00;N00;;;;;;;;;;;2421,32;208,29;0;2453,72;110;17;5;GFT - WHITE LABEL;02/04/2025 00:00;60
428005;903;84;0;22081164;943;TAB 1 SERVIÇO - WL;SERVIÇOS;25000;25000;9063;SERVIÇOS 25;28/03/2025;28/03/2025;28/03/2025;31/03/2025;CE;ANDAMENTO;;003044;17278571000195;GFT PROMOTORA DE VENDAS LTDA;3044;GFT PROMOTORA - GFT;18;SANDRO;10;;;;;;;;;28/03/2025 00:00;N00;;;;;;;;;;;2421,32;208,29;0;2453,72;110;17;5;GFT - WHITE LABEL;01/04/2025 00:00;60
436795;312;157;1;22089069;944;TAB 1 MOTO - WL;MOTOCICLETAS;25000;25000;9079;CARTA DE CRÉDITO - MOTO 25;16/05/2025;16/05/2025;16/05/2025;19/05/2025;PE;ANDAMENTO;30/09/2025;003094;01003229000142;INFINITE CORRETORA DE CREDITO LTDA;3094;INFINITE CREDITO - GFT;18;SANDRO;1;0;0;403,35;33,4;343,1;6;20,85;0;30/09/2025 00:00;E00;;;;;;;;;PARCELAS EM ATRASO;30/09/2025 00:00;33,4;6;0;343,13;20,85;25;2;GFT FILIAL-REPRESENTANTE;20/05/2025 00:00;84
438624;1046;928;2;22090765;912;TAB AUTOS - WL 912/913;AUTOMOVEIS;56000;56000;3558;CREDITO AUTO 56;28/05/2025;28/05/2025;28/05/2025;29/05/2025;GO;ANDAMENTO;30/09/2025;003332;20000772000130;MGSSILVA CONSULTORIA E SERVICOS ;3332;MGSSILVA CONSULTORIA - GFT;18;SANDRO;1;0;0;846,85;65,97;767,22;13,66;0;0;30/09/2025 00:00;E00;;;;;;;;;PARCELAS EM ATRASO;30/09/2025 00:00;65,97;13,66;0;767,2;0;22;2;GFT FILIAL-REPRESENTANTE;30/05/2025 00:00;82
438938;903;152;1;22091023;943;TAB 1 SERVIÇO - WL;SERVIÇOS;50000;50000;9068;SERVIÇOS 50;29/05/2025;29/05/2025;29/05/2025;29/05/2025;CE;ANDAMENTO;01/12/2025;003324;55098945000180;LIFEBANK INSTITUICAO DE PAG LTDA*VENDA 1;3208;LIFEBANK - GFT;18;SANDRO;3;0;0;1073,74;947,65;61;43,1;21,99;0;01/12/2025 00:00;E00;;;;;;;;;PARCELAS EM ATRASO;01/12/2025 00:00;715,8;129,3;0;2310;65,97;17;5;GFT - REPRESENTANTE VENDA;30/05/2025 00:00;58
438988;1044;1428;2;22091073;928;TAB AUTOS REDUZ - WL 928;AUTOMOVEIS;104000;104000;3528;CREDITO AUTO 100;29/05/2025;29/05/2025;29/05/2025;29/05/2025;RO;ANDAMENTO;31/10/2025;003386;49552580000119;CAPITAL PRIME CORRETORA CONSORCIOS LTDA;3386;CAPITAL PRIME;18;SANDRO;2;0;0;811,7;102,3;683,4;26;0;0;31/10/2025 00:00;E00;;;;;;;;;PARCELAS EM ATRASO;31/10/2025 00:00;204,6;52;0;1366,8;0;21;2;GFT FILIAL-REPRESENTANTE;30/05/2025 00:00;77
442072;1028;7064;0;22093823;689;TAB AUTO WL RED FUNCIONARIO;AUTOMOVEIS;127117,18;127117,18;1899;CRÉDITO AUTO 100;13/06/2025;13/06/2025;13/06/2025;13/06/2025;RN;ANDAMENTO;;003044;17278571000195;GFT PROMOTORA DE VENDAS LTDA;3044;GFT PROMOTORA - GFT;18;SANDRO;8;;;;;;;;;20/01/2026 00:00;N00;23/06/2025;0;0;SO;Sorteio;NÃO;0;127117,18;;;18399,6;423,82;14,24;4067,85;415,28;12;2;GFT - WHITE LABEL;16/06/2025 00:00;48
444223;1046;1844;1;22095765;912;TAB AUTOS - WL 912/913;AUTOMOVEIS;40000;40000;3550;CREDITO AUTO 40;26/06/2025;26/06/2025;26/06/2025;26/06/2025;RO;ANDAMENTO;31/10/2025;003386;49552580000119;CAPITAL PRIME CORRETORA CONSORCIOS LTDA;3386;CAPITAL PRIME;18;SANDRO;1;0;0;649,81;54,48;554,68;10;30,65;0;31/10/2025 00:00;E00;;;;;;;;;PARCELAS EM ATRASO;31/10/2025 00:00;53,81;9,76;0;541,31;30,65;22;2;GFT FILIAL-REPRESENTANTE;27/06/2025 00:00;81
450028;1047;880;0;22100808;912;TAB AUTOS - WL 912/913;AUTOMOVEIS;40000;40000;3571;CREDITO AUTO 40;24/07/2025;24/07/2025;24/07/2025;24/07/2025;PE;ANDAMENTO;;003207;33358916000177;KR1 CONSULTORIA E CORRETORA DE SEGUROS ;3207;KR1 CONSULT - GFT;18;SANDRO;6;;;;;;;;;15/01/2026 00:00;N00;;;;;;;;;;;239,8;57,85;1,8;3288,57;183,9;22;2;GFT - REPRESENTANTE;25/07/2025 00:00;83
427967;903;64;1;22081126;943;TAB 1 SERVIÇO - WL;SERVIÇOS;25000;25000;9063;SERVIÇOS 25;28/03/2025;28/03/2025;28/03/2025;01/04/2025;CE;ANDAMENTO;31/07/2025;003045;17278571000195;GFT PROMOTORA DE VENDAS LTDA -VENDAS;3044;GFT PROMOTORA - GFT;18;SANDRO;1;0;0;519,33;102,5;385;20,83;11;0;31/07/2025 00:00;E00;;;;;;;;;PARCELAS EM ATRASO;31/07/2025 00:00;102,5;20,82;0;385;11;17;5;GFT - WHITE LABEL;02/04/2025 00:00;60
428025;903;93;1;22081184;943;TAB 1 SERVIÇO - WL;SERVIÇOS;25000;25000;9063;SERVIÇOS 25;28/03/2025;28/03/2025;28/03/2025;01/04/2025;AM;ANDAMENTO;31/07/2025;003044;17278571000195;GFT PROMOTORA DE VENDAS LTDA;3044;GFT PROMOTORA - GFT;18;SANDRO;1;0;0;519,33;102,5;385;20,83;11;0;31/07/2025 00:00;E00;;;;;;;;;PARCELAS EM ATRASO;31/07/2025 00:00;102,5;20,82;0;385;11;17;5;GFT - WHITE LABEL;02/04/2025 00:00;60
432699;1043;37;2;22085300;928;TAB AUTOS REDUZ - WL 928;AUTOMOVEIS;71760;71760;3466;CREDITO AUTO 69;24/04/2025;24/04/2025;24/04/2025;28/04/2025;PI;ANDAMENTO;31/10/2025;003208;55098945000180;LIFEBANK INSTITUICAO DE PAGAMENTOS LTDA;3208;LIFEBANK - GFT;18;SANDRO;3;0;0;621,95;80,87;490,39;18,87;31,82;0;31/10/2025 00:00;E00;;;;;;;;;PARCELAS EM ATRASO;31/10/2025 00:00;233,26;54,44;3,59;1414,45;91,8;21;2;GFT - REPRESENTANTE;29/04/2025 00:00;76
432706;610;2468;1;22085306;946;TAB IMOVEL L REDUZ ;IMOVEIS ;164666,88;164666,87;3380;CRÉDITO IMÓVEL 150;24/04/2025;24/04/2025;24/04/2025;28/04/2025;PI;ANDAMENTO;30/09/2025;003208;55098945000180;LIFEBANK INSTITUICAO DE PAGAMENTOS LTDA;3208;LIFEBANK - GFT;18;SANDRO;2;0;0;599,4;71,26;441,4;16,99;69,75;0;30/09/2025 00:00;E00;;;;;;;;;PARCELAS EM ATRASO;30/09/2025 00:00;142,35;33,94;9,69;879,89;139,5;21;2;GFT - REPRESENTANTE;29/04/2025 00:00;186
435064;1038;1060;5;22087475;689;TAB AUTO WL RED FUNCIONARIO;AUTOMOVEIS;54793,76;54793,76;3271;CREDITO AUTO 50;08/05/2025;08/05/2025;08/05/2025;09/05/2025;CE;ANDAMENTO;30/09/2025;003075;17278571000195;GFT PROMOTORA DE VENDAS LTDA - DILSON;3044;GFT PROMOTORA - GFT;18;SANDRO;2;0;0;496,86;238,79;219,17;16,38;22,52;0;30/09/2025 00:00;E00;;;;;;;;;PARCELAS EM ATRASO;30/09/2025 00:00;454,28;31,16;0,45;416,96;42,84;12;2;GFT - WHITE LABEL;12/05/2025 00:00;67
435887;903;111;0;22088234;943;TAB 1 SERVIÇO - WL;SERVIÇOS;50000;50000;9068;SERVIÇOS 50;12/05/2025;12/05/2025;12/05/2025;13/05/2025;PE;ANDAMENTO;;003117;12345678909;GFT PROMOTORA DE VENDAS LTDA 30;3044;GFT PROMOTORA - GFT;18;SANDRO;8;1;123;1055,89;221,55;770;42,35;21,99;0;23/12/2025 00:00;NN1;;;;;;;;;;;3862,67;338,82;0,69;4069,58;175,92;17;5;GFT - VENDA;14/05/2025 00:00;59
436534;1029;68;6;22088845;912;TAB AUTOS - WL 912/913;AUTOMOVEIS;30299,46;30299,46;1925;CRÉDITO AUTO 25;15/05/2025;15/05/2025;15/05/2025;15/05/2025;SE;ANDAMENTO;29/08/2025;003266;30355813000165;TL NEGOCIOS E SERVICOS LTDA vendas20;3177;TL NEG E SERV LTDA - GFT;18;SANDRO;1;0;0;755,76;275,38;446,69;12,36;21,33;0;29/08/2025 00:00;E00;;;;;;;;;PARCELAS EM ATRASO;29/08/2025 00:00;275,38;12,36;0;446,69;21,33;17;2;GFT FILIAL - VENDA;16/05/2025 00:00;47
436722;312;143;1;22089017;944;TAB 1 MOTO - WL;MOTOCICLETAS;25000;25000;9079;CARTA DE CRÉDITO - MOTO 25;16/05/2025;16/05/2025;16/05/2025;19/05/2025;RO;ANDAMENTO;30/09/2025;003095;49552580000119;CAPITAL PRIME CORRETORA CONSORCIOS LTDA;3095;CAPITAL PRIME - GFT;18;SANDRO;1;0;0;403,35;33,4;343,1;6;20,85;0;30/09/2025 00:00;E00;;;;;;;;;PARCELAS EM ATRASO;30/09/2025 00:00;33,4;6;0;343,13;20,85;25;2;GFT - DISTRATO SUPORTE;20/05/2025 00:00;84
437297;312;655;1;22089549;944;TAB 1 MOTO - WL;MOTOCICLETAS;20000;20000;9074;CARTA DE CRÉDITO - MOTO 20;20/05/2025;20/05/2025;20/05/2025;20/05/2025;PI;ANDAMENTO;28/11/2025;003342;06283777000197;CREDIPI PROMOTORA DE VENDAS LTDA;3342;CREDIPI PROMOTORA DE VENDA GFT;18;SANDRO;3;0;0;315,92;27,2;265,5;4,66;18,56;0;28/11/2025 00:00;E00;;;;;;;;;PARCELAS EM ATRASO;28/11/2025 00:00;82,44;14,61;0;830,5;55,68;25;2;GFT - REPRESENTANTE;21/05/2025 00:00;83
439809;1046;1510;1;22091792;912;TAB AUTOS - WL 912/913;AUTOMOVEIS;64000;64000;3562;CREDITO AUTO 64;03/06/2025;03/06/2025;03/06/2025;03/06/2025;GO;ANDAMENTO;30/09/2025;003332;20000772000130;MGSSILVA CONSULTORIA E SERVICOS ;3332;MGSSILVA CONSULTORIA - GFT;18;SANDRO;1;0;0;1016,83;75,39;876,78;15,62;49,04;0;30/09/2025 00:00;E00;;;;;;;;;PARCELAS EM ATRASO;30/09/2025 00:00;75,39;15,62;0;876,8;49,04;22;2;GFT FILIAL-REPRESENTANTE;04/06/2025 00:00;82
440270;1046;1775;1;22092185;928;TAB AUTOS REDUZ - WL 928;AUTOMOVEIS;56000;56000;3558;CREDITO AUTO 56;05/06/2025;05/06/2025;05/06/2025;05/06/2025;PE;ANDAMENTO;28/11/2025;003388;49552580000119;CAPITAL PRIME CORRETORA - VENDAS 2;3386;CAPITAL PRIME;18;SANDRO;3;0;0;454,82;33,88;382,25;13,66;25,03;0;28/11/2025 00:00;E00;;;;;;;;;PARCELAS EM ATRASO;28/11/2025 00:00;101,68;41;0,57;1148,53;75,09;22;2;GFT FILIAL - REPRES VENDA;06/06/2025 00:00;82
440248;1046;1754;0;22092169;619;TAB AUTO WL - FUNCIONARIO;AUTOMOVEIS;40000;40000;3550;CREDITO AUTO 40;05/06/2025;05/06/2025;05/06/2025;05/06/2025;CE;ANDAMENTO;;003044;17278571000195;GFT PROMOTORA DE VENDAS LTDA;3044;GFT PROMOTORA - GFT;18;SANDRO;9;;;;;;;;;20/10/2025 00:00;N00;;;;;;;;;;;3154,04;87,84;0;1763,2;147,96;12;2;GFT - WHITE LABEL;06/06/2025 00:00;82
441817;903;166;1;22093588;943;TAB 1 SERVIÇO - WL;SERVIÇOS;50000;50000;9068;SERVIÇOS 50;12/06/2025;12/06/2025;12/06/2025;16/06/2025;DF;ANDAMENTO;30/09/2025;003332;20000772000130;MGSSILVA CONSULTORIA E SERVICOS ;3332;MGSSILVA CONSULTORIA - GFT;18;SANDRO;1;0;0;1073,69;238,6;770;43,1;21,99;0;30/09/2025 00:00;E00;;;;;;;;;PARCELAS EM ATRASO;30/09/2025 00:00;238,6;43,1;0;770;21,99;17;5;GFT FILIAL-REPRESENTANTE;17/06/2025 00:00;58
443572;1046;244;2;22095218;928;TAB AUTOS REDUZ - WL 928;AUTOMOVEIS;80000;80000;3570;CREDITO AUTO 80;23/06/2025;23/06/2025;23/06/2025;24/06/2025;RO;ANDAMENTO;31/10/2025;003337;59829479000116;BR SOLUCOES FINANCEIRAS LTDA;3337;BR SOLUCOES FINANCEIRAS LTDA;18;SANDRO;1;0;0;658;55,76;546,72;19,76;35,76;0;31/10/2025 00:00;E00;;;;;;;;;PARCELAS EM ATRASO;31/10/2025 00:00;55,76;19,76;0;546,72;35,76;22;2;GFT - REPRESENTANTE;25/06/2025 00:00;81
443660;1046;334;0;22095287;689;TAB AUTO WL RED FUNCIONARIO;AUTOMOVEIS;40000;40000;3550;CREDITO AUTO 40;23/06/2025;23/06/2025;23/06/2025;23/06/2025;RN;ANDAMENTO;;003044;17278571000195;GFT PROMOTORA DE VENDAS LTDA;3044;GFT PROMOTORA - GFT;18;SANDRO;7;;;;;;;;;23/06/2025 00:00;N00;;;;;;;;;;;815,92;69,16;0;1120;115,08;12;2;GFT - WHITE LABEL;30/06/2025 00:00;81
443715;312;396;2;22095339;944;TAB 1 MOTO - WL;MOTOCICLETAS;30000;30000;9084;CARTA DE CRÉDITO - MOTO 30;24/06/2025;24/06/2025;24/06/2025;24/06/2025;RO;ANDAMENTO;31/10/2025;003386;49552580000119;CAPITAL PRIME CORRETORA CONSORCIOS LTDA;3386;CAPITAL PRIME;18;SANDRO;1;0;0;487,76;46,32;411;7,32;23,12;0;31/10/2025 00:00;E00;;;;;;;;;PARCELAS EM ATRASO;31/10/2025 00:00;46,32;7,32;0;411;23,12;25;2;GFT FILIAL-REPRESENTANTE;25/06/2025 00:00;82
445698;1047;698;0;22097084;689;TAB AUTO WL RED FUNCIONARIO;AUTOMOVEIS;40000;40000;3571;CREDITO AUTO 40;03/07/2025;03/07/2025;03/07/2025;03/07/2025;SP;ANDAMENTO;;003044;17278571000195;GFT PROMOTORA DE VENDAS LTDA;3044;GFT PROMOTORA - GFT;18;SANDRO;7;;;;;;;;;20/01/2026 00:00;N00;;;;;;;;;;;746,77;66,65;0,09;1119,99;115,08;12;2;GFT - WHITE LABEL;04/07/2025 00:00;84
446293;608;876;2;22097633;937;TAB IMOVEL WL - 937 RED;IMOVEIS ;109747,1;109747,1;3064;CARTA DE CREDITO 80 - IMOVEL;07/07/2025;07/07/2025;07/07/2025;09/07/2025;RO;ANDAMENTO;31/10/2025;003388;49552580000119;CAPITAL PRIME CORRETORA - VENDAS 2;3386;CAPITAL PRIME;18;SANDRO;1;0;0;507,19;62,99;381,01;14,92;48,27;0;31/10/2025 00:00;E00;;;;;;;;;PARCELAS EM ATRASO;31/10/2025 00:00;104,3;14,18;0;860,4;45,87;20;2;GFT FILIAL - REPRES VENDA;10/07/2025 00:00;147
447429;1036;161;4;22098647;928;TAB AUTOS REDUZ - WL 928;AUTOMOVEIS;62894,13;62894,13;3218;CRÉDITO AUTO 55;11/07/2025;11/07/2025;11/07/2025;14/07/2025;RO;ANDAMENTO;28/11/2025;003388;49552580000119;CAPITAL PRIME CORRETORA - VENDAS 2;3386;CAPITAL PRIME;18;SANDRO;1;0;0;731,59;190,76;490,58;23,27;26,98;0;28/11/2025 00:00;E00;;;;;;;;;PARCELAS EM ATRASO;28/11/2025 00:00;181,28;22,11;0;466,19;25,64;17;2;GFT FILIAL - REPRES VENDA;15/07/2025 00:00;54
449087;1043;618;0;22100170;689;TAB AUTO WL RED FUNCIONARIO;AUTOMOVEIS;83200;83200;3477;CREDITO AUTO 80;21/07/2025;21/07/2025;21/07/2025;21/07/2025;SP;ANDAMENTO;;003044;17278571000195;GFT PROMOTORA DE VENDAS LTDA;3044;GFT PROMOTORA - GFT;18;SANDRO;8;;;;;;;;;21/07/2025 00:00;N00;24/07/2025;61,09;51;LL;Lance Livre;NÃO;48872;80000;;;50692,37;206,02;0;2736,1;269,59;12;2;GFT - WHITE LABEL;22/07/2025 00:00;74
451170;312;924;2;22101823;944;TAB 1 MOTO - WL;MOTOCICLETAS;25000;25000;9079;CARTA DE CRÉDITO - MOTO 25;30/07/2025;30/07/2025;30/07/2025;04/08/2025;RO;ANDAMENTO;28/11/2025;003387;49552580000119;CAPITAL PRIME CORRETORA - VENDAS 1;3386;CAPITAL PRIME;18;SANDRO;1;0;0;412,83;43,3;342,5;6,18;20,85;0;28/11/2025 00:00;E00;;;;;;;;;PARCELAS EM ATRASO;28/11/2025 00:00;43,3;6,17;0;342,5;20,85;25;2;GFT FILIAL - REPRES VENDA;05/08/2025 00:00;81
458167;1038;1911;0;22107256;928;TAB AUTOS REDUZ - WL 928;AUTOMOVEIS;37259,76;37259,76;3255;CREDITO AUTO 34;29/08/2025;29/08/2025;29/08/2025;03/09/2025;BA;ANDAMENTO;;003388;49552580000119;CAPITAL PRIME CORRETORA - VENDAS 2;3386;CAPITAL PRIME;18;SANDRO;5;;;;;;;;;29/08/2025 00:00;N00;;;;;;;;;;;318,06;58,47;0;1439;81,15;20;2;GFT FILIAL - REPRES VENDA;04/09/2025 00:00;63
459003;1043;94;0;22108001;928;TAB AUTOS REDUZ - WL 928;AUTOMOVEIS;83200;83200;3477;CREDITO AUTO 80;02/09/2025;02/09/2025;02/09/2025;03/09/2025;BA;ANDAMENTO;;003388;49552580000119;CAPITAL PRIME CORRETORA - VENDAS 2;3386;CAPITAL PRIME;18;SANDRO;3;2;62;759,15;130,54;568,59;23,13;36,89;0;13/01/2026 00:00;SC2;;;;;;;;;;;391,59;69,42;0;1705,78;109,25;21;2;GFT FILIAL - REPRES VENDA;04/09/2025 00:00;72
427909;903;997;0;22081069;943;TAB 1 SERVIÇO - WL;SERVIÇOS;25000;25000;9063;SERVIÇOS 25;28/03/2025;28/03/2025;28/03/2025;01/04/2025;CE;ANDAMENTO;;003045;17278571000195;GFT PROMOTORA DE VENDAS LTDA -VENDAS;3044;GFT PROMOTORA - GFT;18;SANDRO;11;;;;;;;;;28/03/2025 00:00;N00;;;;;;;;;;;2872,9;229,12;0;2489,65;121;17;5;GFT - WHITE LABEL;02/04/2025 00:00;60
427923;903;48;0;22081083;943;TAB 1 SERVIÇO - WL;SERVIÇOS;25000;25000;9063;SERVIÇOS 25;28/03/2025;28/03/2025;28/03/2025;01/04/2025;SP;ANDAMENTO;;003044;17278571000195;GFT PROMOTORA DE VENDAS LTDA;3044;GFT PROMOTORA - GFT;18;SANDRO;10;;;;;;;;;24/11/2025 00:00;N00;;;;;;;;;;;2421,33;208,27;26,62;2453,71;110;17;5;GFT - WHITE LABEL;02/04/2025 00:00;60
427951;903;60;0;22081110;943;TAB 1 SERVIÇO - WL;SERVIÇOS;25000;25000;9063;SERVIÇOS 25;28/03/2025;28/03/2025;28/03/2025;01/04/2025;CE;ANDAMENTO;;003045;17278571000195;GFT PROMOTORA DE VENDAS LTDA -VENDAS;3044;GFT PROMOTORA - GFT;18;SANDRO;11;;;;;;;;;12/11/2025 00:00;N00;;;;;;;;;;;2872,9;229,12;0,85;2489,64;121;17;5;GFT - WHITE LABEL;02/04/2025 00:00;60
427955;903;61;1;22081114;943;TAB 1 SERVIÇO - WL;SERVIÇOS;25000;25000;9063;SERVIÇOS 25;28/03/2025;28/03/2025;28/03/2025;01/04/2025;CE;ANDAMENTO;29/08/2025;003045;17278571000195;GFT PROMOTORA DE VENDAS LTDA -VENDAS;3044;GFT PROMOTORA - GFT;18;SANDRO;2;0;0;519,33;102,5;385;20,83;11;0;29/08/2025 00:00;E00;;;;;;;;;PARCELAS EM ATRASO;29/08/2025 00:00;205;41,65;0,51;770;22;17;5;GFT - WHITE LABEL;02/04/2025 00:00;60
428004;903;80;1;22081163;943;TAB 1 SERVIÇO - WL;SERVIÇOS;30000;30000;9064;SERVIÇOS 30;28/03/2025;28/03/2025;28/03/2025;01/04/2025;CE;ANDAMENTO;30/09/2025;003045;17278571000195;GFT PROMOTORA DE VENDAS LTDA -VENDAS;3044;GFT PROMOTORA - GFT;18;SANDRO;3;0;0;623,18;123;462;24,99;13,19;0;30/09/2025 00:00;E00;;;;;;;;;PARCELAS EM ATRASO;30/09/2025 00:00;368,99;74,98;0,2;1385,99;39,57;17;5;GFT - WHITE LABEL;02/04/2025 00:00;60
428008;903;87;0;22081167;943;TAB 1 SERVIÇO - WL;SERVIÇOS;25000;25000;9063;SERVIÇOS 25;28/03/2025;28/03/2025;28/03/2025;31/03/2025;CE;ANDAMENTO;;003044;17278571000195;GFT PROMOTORA DE VENDAS LTDA;3044;GFT PROMOTORA - GFT;18;SANDRO;10;;;;;;;;;28/03/2025 00:00;N00;;;;;;;;;;;2421,32;208,29;0;2453,72;110;17;5;GFT - WHITE LABEL;01/04/2025 00:00;60
432979;1046;1475;1;22085547;928;TAB AUTOS REDUZ - WL 928;AUTOMOVEIS;40000;40000;3550;CREDITO AUTO 40;25/04/2025;25/04/2025;25/04/2025;28/04/2025;RO;ANDAMENTO;30/01/2026;003095;49552580000119;CAPITAL PRIME CORRETORA CONSORCIOS LTDA;3095;CAPITAL PRIME - GFT;18;SANDRO;6;0;0;308,56;20,16;265,88;4,64;17,88;0;30/01/2026 00:00;E00;;;;;;;;;PARCELAS EM ATRASO;30/01/2026 00:00;121,54;28,94;0;1650,71;107,28;22;2;GFT - DISTRATO SUPORTE;29/04/2025 00:00;83
434780;1034;101;7;22087193;928;TAB AUTOS REDUZ - WL 928;AUTOMOVEIS;31717,34;31717,34;3185;CRÉDITO AUTO 28;06/05/2025;06/05/2025;06/05/2025;09/05/2025;RO;ANDAMENTO;16/06/2025;003095;49552580000119;CAPITAL PRIME CORRETORA CONSORCIOS LTDA;3095;CAPITAL PRIME - GFT;18;SANDRO;1;0;0;356,6;97,49;234,84;11,35;12,92;0;16/06/2025 00:00;E00;;;;;;;;;SOLICITACAO CONSORCIADO;16/06/2025 00:00;97,49;11,35;0;234,83;12,92;17;2;GFT - DISTRATO SUPORTE;12/05/2025 00:00;53
435830;610;173;0;22088184;688;TAB IMOVEL RED WL FUNCIONARIO;IMOVEIS ;329333,75;329333,75;3395;CRÉDITO IMÓVEL 300;12/05/2025;12/05/2025;12/05/2025;13/05/2025;CE;ANDAMENTO;;003075;17278571000195;GFT PROMOTORA DE VENDAS LTDA - DILSON;3044;GFT PROMOTORA - GFT;18;SANDRO;9;;;;;;;;;15/10/2025 00:00;N00;;;;;;;;;;;3770,58;309,09;15,55;5149,63;1217,01;16;2;GFT - WHITE LABEL;14/05/2025 00:00;186
437437;1043;937;2;22089675;689;TAB AUTO WL RED FUNCIONARIO;AUTOMOVEIS;82160;82160;3476;CREDITO AUTO 79;20/05/2025;20/05/2025;20/05/2025;20/05/2025;PI;ANDAMENTO;31/10/2025;003044;17278571000195;GFT PROMOTORA DE VENDAS LTDA;3044;GFT PROMOTORA - GFT;18;SANDRO;3;0;0;661,7;276,71;329,53;21,69;33,77;0;31/10/2025 00:00;E00;;;;;;;;;PARCELAS EM ATRASO;31/10/2025 00:00;797,51;62,28;5,22;947,16;97,41;12;2;GFT - WHITE LABEL;21/05/2025 00:00;76
438935;1045;270;2;22091020;928;TAB AUTOS REDUZ - WL 928;AUTOMOVEIS;73122;73122;3544;CREDITO AUTO 70;29/05/2025;29/05/2025;29/05/2025;29/05/2025;CE;ANDAMENTO;30/12/2025;003324;55098945000180;LIFEBANK INSTITUICAO DE PAG LTDA*VENDA 1;3208;LIFEBANK - GFT;18;SANDRO;4;0;0;584,81;57,68;478,38;17,71;31,04;0;30/12/2025 00:00;E00;;;;;;;;;PARCELAS EM ATRASO;30/12/2025 00:00;230,72;70,84;0,18;1913,52;124,16;21;2;GFT - REPRESENTANTE VENDA;30/05/2025 00:00;79
438989;1044;1469;2;22091074;928;TAB AUTOS REDUZ - WL 928;AUTOMOVEIS;104000;104000;3528;CREDITO AUTO 100;29/05/2025;29/05/2025;29/05/2025;29/05/2025;RO;ANDAMENTO;30/09/2025;003386;49552580000119;CAPITAL PRIME CORRETORA CONSORCIOS LTDA;3386;CAPITAL PRIME;18;SANDRO;1;0;0;811,7;102,3;683,4;26;0;0;30/09/2025 00:00;E00;;;;;;;;;PARCELAS EM ATRASO;30/09/2025 00:00;102,3;26;0;683,4;0;21;2;GFT FILIAL-REPRESENTANTE;30/05/2025 00:00;77
432524;1044;413;2;22085138;928;TAB AUTOS REDUZ - WL 928;AUTOMOVEIS;104000;104000;3528;CREDITO AUTO 100;23/04/2025;23/04/2025;23/04/2025;24/04/2025;PI;ANDAMENTO;29/08/2025;003208;55098945000180;LIFEBANK INSTITUICAO DE PAGAMENTOS LTDA;3208;LIFEBANK - GFT;18;SANDRO;1;0;0;801,2;92,2;683,4;25,6;0;0;29/08/2025 00:00;E00;;;;;;;;;PARCELAS EM ATRASO;29/08/2025 00:00;92,2;25,6;0;683,4;0;21;2;GFT - REPRESENTANTE;25/04/2025 00:00;78
432702;1043;42;2;22085302;928;TAB AUTOS REDUZ - WL 928;AUTOMOVEIS;71760;71760;3466;CREDITO AUTO 69;24/04/2025;24/04/2025;24/04/2025;28/04/2025;PI;ANDAMENTO;31/10/2025;003208;55098945000180;LIFEBANK INSTITUICAO DE PAGAMENTOS LTDA;3208;LIFEBANK - GFT;18;SANDRO;3;0;0;623,17;80,87;491,54;18,94;31,82;0;31/10/2025 00:00;E00;;;;;;;;;PARCELAS EM ATRASO;31/10/2025 00:00;233,1;54,4;4,92;1413,51;91,8;21;2;GFT - REPRESENTANTE;29/04/2025 00:00;76
435170;610;2594;1;22087581;946;TAB IMOVEL L REDUZ ;IMOVEIS ;164666,88;164666,87;3380;CRÉDITO IMÓVEL 150;08/05/2025;08/05/2025;08/05/2025;09/05/2025;RO;ANDAMENTO;05/06/2025;003095;49552580000119;CAPITAL PRIME CORRETORA CONSORCIOS LTDA;3095;CAPITAL PRIME - GFT;18;SANDRO;1;0;0;888,97;94,38;707,85;16,99;69,75;0;05/06/2025 00:00;E00;;;;;;;;;SOLICITACAO CONSORCIADO;05/06/2025 00:00;94,38;16,99;0;707,87;69,75;21;2;GFT - DISTRATO SUPORTE;12/05/2025 00:00;186
436712;800;86;7;22089012;;;CAMINHOES / ONIBUS;162747,98;162747,99;3039;CARTA DE CRÉDITO 120-CAMINHÃO;16/05/2025;16/05/2025;16/05/2025;19/05/2025;RO;ANDAMENTO;30/09/2025;003337;59829479000116;BR SOLUCOES FINANCEIRAS LTDA;3337;BR SOLUCOES FINANCEIRAS LTDA;18;SANDRO;1;0;0;1654,61;1364,64;194,48;26,85;68,64;0;30/09/2025 00:00;E00;;;;;;;;;PARCELAS EM ATRASO;30/09/2025 00:00;358,7;56,15;0;1254,79;68,64;15;2;GFT - REPRESENTANTE;20/05/2025 00:00;120
436736;1046;2346;1;22089029;928;TAB AUTOS REDUZ - WL 928;AUTOMOVEIS;70000;70000;3565;CREDITO AUTO 70;16/05/2025;16/05/2025;16/05/2025;16/05/2025;RO;ANDAMENTO;30/09/2025;003337;59829479000116;BR SOLUCOES FINANCEIRAS LTDA;3337;BR SOLUCOES FINANCEIRAS LTDA;18;SANDRO;1;0;0;569,1;42,35;478,38;17,08;31,29;0;30/09/2025 00:00;E00;;;;;;;;;PARCELAS EM ATRASO;30/09/2025 00:00;42,35;17,08;0;478,38;31,29;22;2;GFT - REPRESENTANTE;19/05/2025 00:00;82
437211;1044;25;2;22089464;928;TAB AUTOS REDUZ - WL 928;AUTOMOVEIS;104000;104000;3528;CREDITO AUTO 100;19/05/2025;19/05/2025;19/05/2025;20/05/2025;PI;ANDAMENTO;31/10/2025;003325;55098945000180;LIFEBANK INSTITUICAO DE PAG LTDA*VENDA 2;3208;LIFEBANK - GFT;18;SANDRO;2;0;0;856,04;102,3;683,4;26;44,34;0;31/10/2025 00:00;E00;;;;;;;;;PARCELAS EM ATRASO;31/10/2025 00:00;204,57;51,99;5,14;1366,57;88,68;21;2;GFT - REPRESENTANTE VENDA;21/05/2025 00:00;77
438936;1045;274;1;22091021;928;TAB AUTOS REDUZ - WL 928;AUTOMOVEIS;73122;73122;3544;CREDITO AUTO 70;29/05/2025;29/05/2025;29/05/2025;29/05/2025;CE;ANDAMENTO;28/11/2025;003324;55098945000180;LIFEBANK INSTITUICAO DE PAG LTDA*VENDA 1;3208;LIFEBANK - GFT;18;SANDRO;3;0;0;584,81;57,68;478,38;17,71;31,04;0;28/11/2025 00:00;E00;;;;;;;;;PARCELAS EM ATRASO;28/11/2025 00:00;173,04;53,13;0,18;1435,14;93,12;21;2;GFT - REPRESENTANTE VENDA;30/05/2025 00:00;79
438941;610;2799;0;22091026;946;TAB IMOVEL L REDUZ ;IMOVEIS ;329333,75;329333,75;3395;CRÉDITO IMÓVEL 300;29/05/2025;29/05/2025;29/05/2025;09/06/2025;PI;ANDAMENTO;;003208;55098945000180;LIFEBANK INSTITUICAO DE PAGAMENTOS LTDA;3208;LIFEBANK - GFT;18;SANDRO;9;;;;;;;;;29/05/2025 00:00;N00;;;;;;;;;;;1725,41;310,59;0;12940,65;1275,09;21;2;GFT - REPRESENTANTE;10/06/2025 00:00;185
440273;1027;161;0;22092188;619;TAB AUTO WL - FUNCIONARIO;AUTOMOVEIS;82019,49;82019,49;1764;CRÉDITO AUTO 64;05/06/2025;05/06/2025;05/06/2025;10/06/2025;CE;ANDAMENTO;;003044;17278571000195;GFT PROMOTORA DE VENDAS LTDA;3044;GFT PROMOTORA - GFT;18;SANDRO;8;;;;;;;;;16/10/2025 00:00;N00;24/07/2025;62,896;28;LL;Lance Livre;NÃO;51586,95;82019,49;;;52776,93;1071,67;1,46;7984,28;269,68;12;2;GFT - WHITE LABEL;;45
441008;610;8090;0;22092860;688;TAB IMOVEL RED WL FUNCIONARIO;IMOVEIS ;329333,75;329333,75;3395;CRÉDITO IMÓVEL 300;09/06/2025;09/06/2025;09/06/2025;10/06/2025;PE;ANDAMENTO;;003044;17278571000195;GFT PROMOTORA DE VENDAS LTDA;3044;GFT PROMOTORA - GFT;18;SANDRO;8;;;;;;;;;09/06/2025 00:00;N00;;;;;;;;;;;3399,32;275,02;0;4583,35;1083,18;16;2;GFT - WHITE LABEL;11/06/2025 00:00;185
441298;1046;2245;2;22093129;689;TAB AUTO WL RED FUNCIONARIO;AUTOMOVEIS;44000;44000;3552;CREDITO AUTO 44;10/06/2025;10/06/2025;10/06/2025;10/06/2025;RN;ANDAMENTO;30/12/2025;003044;17278571000195;GFT PROMOTORA DE VENDAS LTDA;3044;GFT PROMOTORA - GFT;18;SANDRO;4;0;0;329,09;124,48;175,79;10,74;18,08;0;30/12/2025 00:00;E00;;;;;;;;;PARCELAS EM ATRASO;30/12/2025 00:00;498,05;42,98;2,49;704,19;72,32;12;2;GFT - WHITE LABEL;11/06/2025 00:00;82
441777;903;164;1;22093549;943;TAB 1 SERVIÇO - WL;SERVIÇOS;50000;50000;9068;SERVIÇOS 50;12/06/2025;12/06/2025;12/06/2025;16/06/2025;DF;ANDAMENTO;30/09/2025;003332;20000772000130;MGSSILVA CONSULTORIA E SERVICOS ;3332;MGSSILVA CONSULTORIA - GFT;18;SANDRO;1;0;0;1073,69;238,6;770;43,1;21,99;0;30/09/2025 00:00;E00;;;;;;;;;PARCELAS EM ATRASO;30/09/2025 00:00;238,6;43,1;0;770;21,99;17;5;GFT FILIAL-REPRESENTANTE;17/06/2025 00:00;58
450476;313;529;1;22101222;944;TAB 1 MOTO - WL;MOTOCICLETAS;26000;26000;9096;CARTA DE CRÉDITO - MOTO 26;26/07/2025;26/07/2025;26/07/2025;28/07/2025;PE;ANDAMENTO;28/11/2025;003386;49552580000119;CAPITAL PRIME CORRETORA CONSORCIOS LTDA;3386;CAPITAL PRIME;18;SANDRO;1;0;0;414,44;30,71;356,25;6,19;21,29;0;28/11/2025 00:00;E00;;;;;;;;;PARCELAS EM ATRASO;28/11/2025 00:00;30,7;6,19;0;356,21;21,29;25;2;GFT FILIAL-REPRESENTANTE;29/07/2025 00:00;84
450886;311;98;0;22101562;944;TAB 1 MOTO - WL;MOTOCICLETAS;15769,5;15769,5;9047;CARTA DE CRÉDITO - MOTO15;29/07/2025;29/07/2025;29/07/2025;29/07/2025;PE;ANDAMENTO;;003478;70182571000170;PORTAL NEGOCIOS E SOLUCOES CORRETORA DE ;3478;PORTAL;18;SANDRO;7;;;;;;;;;04/08/2025 00:00;N00;;;;;;;;;;;330,18;30,03;0;1501,8;115,52;25;2;GFT FILIAL-REPRESENTANTE;30/07/2025 00:00;73
454976;903;9;2;22104307;943;TAB 1 SERVIÇO - WL;SERVIÇOS;50000;50000;9068;SERVIÇOS 50;12/08/2025;12/08/2025;12/08/2025;12/08/2025;RO;ANDAMENTO;28/11/2025;003438;12345678909;GFT PROMOTORA DE VENDAS LTDA**vendas 146;3044;GFT PROMOTORA - GFT;18;SANDRO;1;0;0;1089,3;274,65;770;44,65;0;0;28/11/2025 00:00;E00;;;;;;;;;PARCELAS EM ATRASO;28/11/2025 00:00;274,65;44,65;0;770;0;17;5;GFT - VENDA;13/08/2025 00:00;56
456286;1026;839;4;22105537;928;TAB AUTOS REDUZ - WL 928;AUTOMOVEIS;40687;40687;1330;CRÉDITO AUTO 30;19/08/2025;19/08/2025;19/08/2025;19/08/2025;RO;ANDAMENTO;30/12/2025;003338;39339901000148;J.C.CONSORCIO LTDA;3338;J.C.CONSORCIO;18;SANDRO;1;0;0;603,55;249,37;317,36;19,37;17,45;0;30/12/2025 00:00;E00;;;;;;;;;PARCELAS EM ATRASO;30/12/2025 00:00;249,37;19,37;0;317,36;17,45;17;2;GFT FILIAL-REPRESENTANTE;20/08/2025 00:00;42
456363;1038;995;2;22105612;928;TAB AUTOS REDUZ - WL 928;AUTOMOVEIS;27396,88;27396,88;3246;CREDITO AUTO 25;20/08/2025;20/08/2025;20/08/2025;21/08/2025;PE;ANDAMENTO;30/12/2025;003474;32723944000183;A B ALVES INVESTIMENTOS EM CREDITOS;3474;A B ALVES;18;SANDRO;1;0;0;281,65;47,23;213,69;8,68;12,05;0;30/12/2025 00:00;E00;;;;;;;;;PARCELAS EM ATRASO;30/12/2025 00:00;44,93;8,26;0;203,27;11,46;20;2;GFT - REPRESENTANTE;22/08/2025 00:00;63
457625;1033;81;3;22106757;928;TAB AUTOS REDUZ - WL 928;AUTOMOVEIS;45508,71;45508,71;3172;CRÉDITO AUTO 40;27/08/2025;27/08/2025;27/08/2025;27/08/2025;DF;ANDAMENTO;30/12/2025;003766;49552580000119;CAPITAL PRIME - VENDAS 4;3386;CAPITAL PRIME;18;SANDRO;1;0;0;593,15;199,69;354,96;18,98;19,52;0;30/12/2025 00:00;E00;;;;;;;;;PARCELAS EM ATRASO;30/12/2025 00:00;199,69;18,98;0;354,97;19,52;17;2;GFT FILIAL - REPRES VENDA;28/08/2025 00:00;48
460192;1041;415;3;22109136;689;TAB AUTO WL RED FUNCIONARIO;AUTOMOVEIS;87822,33;87822,33;3379;CREDITO AUTO 80;08/09/2025;08/09/2025;08/09/2025;10/09/2025;PE;ANDAMENTO;30/12/2025;003044;17278571000195;GFT PROMOTORA DE VENDAS LTDA;3044;GFT PROMOTORA - GFT;18;SANDRO;1;0;0;807,87;393,88;351,29;26,61;36,09;0;30/12/2025 00:00;E00;;;;;;;;;PARCELAS EM ATRASO;30/12/2025 00:00;376,27;25,42;0;335,58;34,48;12;2;GFT - WHITE LABEL;11/09/2025 00:00;66
460315;1040;361;4;22109257;928;TAB AUTOS REDUZ - WL 928;AUTOMOVEIS;38561,63;38561,63;3303;CREDITO AUTO 35;09/09/2025;09/09/2025;09/09/2025;12/09/2025;RO;ANDAMENTO;07/11/2025;003387;49552580000119;CAPITAL PRIME CORRETORA - VENDAS 1;3386;CAPITAL PRIME;18;SANDRO;1;0;0;384,79;55,18;300,77;11,88;16,96;0;07/11/2025 00:00;E00;;;;;;;;;SOLICITACAO CONSORCIADO;07/11/2025 00:00;52,47;11,29;0;285,99;16,13;20;2;GFT FILIAL - REPRES VENDA;15/09/2025 00:00;65
460656;1041;686;0;22109564;912;TAB AUTOS - WL 912/913;AUTOMOVEIS;84528,99;84528,99;3376;CREDITO AUTO 77;10/09/2025;10/09/2025;10/09/2025;10/09/2025;MA;ANDAMENTO;;003045;17278571000195;GFT PROMOTORA DE VENDAS LTDA -VENDAS;3044;GFT PROMOTORA - GFT;18;SANDRO;5;;;;;;;;;15/01/2026 00:00;N00;18/09/2025;65,1;40;LL;Lance Livre;NÃO;52568,18;80749,9;;;46589,3;792,81;0,48;10194,08;373,83;20;2;GFT - WHITE LABEL;11/09/2025 00:00;66
461984;1043;624;3;22110822;928;TAB AUTOS REDUZ - WL 928;AUTOMOVEIS;78000;78000;3472;CREDITO AUTO 75;17/09/2025;17/09/2025;17/09/2025;18/09/2025;PE;ANDAMENTO;30/01/2026;003094;01003229000142;INFINITE CORRETORA DE CREDITO LTDA;3094;INFINITE CREDITO - GFT;18;SANDRO;2;0;0;711,69;122,38;533,04;21,68;34,59;0;30/01/2026 00:00;E00;;;;;;;;;PARCELAS EM ATRASO;30/01/2026 00:00;244,74;43,39;0;1066,1;67,85;21;2;GFT FILIAL-REPRESENTANTE;19/09/2025 00:00;72
462332;1039;62;0;22111138;928;TAB AUTOS REDUZ - WL 928;AUTOMOVEIS;37338,3;37338,3;3276;CREDITO AUTO 34;18/09/2025;18/09/2025;18/09/2025;18/09/2025;BA;ANDAMENTO;;003094;01003229000142;INFINITE CORRETORA DE CREDITO LTDA;3094;INFINITE CREDITO - GFT;18;SANDRO;5;;;;;;;;;18/09/2025 00:00;N00;;;;;;;;;;;318,69;58,61;0;1441,84;81,29;20;2;GFT FILIAL-REPRESENTANTE;19/09/2025 00:00;63
463513;1043;63;0;22112223;928;TAB AUTOS REDUZ - WL 928;AUTOMOVEIS;80080;80080;3474;CREDITO AUTO 77;25/09/2025;25/09/2025;25/09/2025;26/09/2025;RO;ANDAMENTO;;003387;49552580000119;CAPITAL PRIME CORRETORA - VENDAS 1;3386;CAPITAL PRIME;18;SANDRO;1;1;92;740,43;135,09;547,25;22,58;35,51;0;03/12/2025 00:00;A01;;;;;;;;;;;135,1;22,58;0;547,26;35,51;21;2;GFT FILIAL - REPRES VENDA;29/09/2025 00:00;71
427970;903;66;0;22081129;943;TAB 1 SERVIÇO - WL;SERVIÇOS;25000;25000;9063;SERVIÇOS 25;28/03/2025;28/03/2025;28/03/2025;01/04/2025;SC;ANDAMENTO;;003045;17278571000195;GFT PROMOTORA DE VENDAS LTDA -VENDAS;3044;GFT PROMOTORA - GFT;18;SANDRO;10;;;;;;;;;28/03/2025 00:00;N00;;;;;;;;;;;2421,32;208,29;0;2453,72;110;17;5;GFT - WHITE LABEL;02/04/2025 00:00;60
427987;903;74;0;22081146;943;TAB 1 SERVIÇO - WL;SERVIÇOS;25000;25000;9063;SERVIÇOS 25;28/03/2025;28/03/2025;28/03/2025;01/04/2025;SP;ANDAMENTO;;003045;17278571000195;GFT PROMOTORA DE VENDAS LTDA -VENDAS;3044;GFT PROMOTORA - GFT;18;SANDRO;11;;;;;;;;;12/11/2025 00:00;N00;;;;;;;;;;;2872,89;229,12;1,02;2489,66;99;17;5;GFT - WHITE LABEL;02/04/2025 00:00;60
428003;903;83;0;22081162;943;TAB 1 SERVIÇO - WL;SERVIÇOS;25000;25000;9063;SERVIÇOS 25;28/03/2025;28/03/2025;28/03/2025;31/03/2025;CE;ANDAMENTO;;003044;17278571000195;GFT PROMOTORA DE VENDAS LTDA;3044;GFT PROMOTORA - GFT;18;SANDRO;10;;;;;;;;;28/03/2025 00:00;N00;24/11/2025;0;0;SO;Sorteio;NÃO;0;25000;;;2487,24;211,4;0;2458,97;110;17;5;GFT - WHITE LABEL;01/04/2025 00:00;60
430717;1044;1612;2;22083524;912;TAB AUTOS - WL 912/913;AUTOMOVEIS;87360;87360;3512;CREDITO AUTO 84;11/04/2025;11/04/2025;11/04/2025;14/04/2025;BA;ANDAMENTO;31/07/2025;003098;12345678909;GFT PROMOTORA DE VENDAS LTDA 11;3044;GFT PROMOTORA - GFT;18;SANDRO;1;0;0;1371,61;135,74;1150,77;21,25;63,85;0;31/07/2025 00:00;E00;;;;;;;;;PARCELAS EM ATRASO;31/07/2025 00:00;135,75;21,25;0;1150,79;63,85;21;2;GFT - VENDA;15/04/2025 00:00;79
431826;903;128;1;22084509;943;TAB 1 SERVIÇO - WL;SERVIÇOS;50000;50000;9068;SERVIÇOS 50;17/04/2025;17/04/2025;17/04/2025;;CE;ANDAMENTO;09/07/2025;003206;20279595000173;AC INVEST CORRETORA DE SEGUROS LTDA;3206;AC INVEST - GFT;18;SANDRO;;0;0;1055,84;220,3;771,2;42,35;21,99;0;09/07/2025 00:00;E00;;;;;;;;;1PARCELA SEM PAGAMENTO;09/07/2025 00:00;;;;;;;;GFT - REPRESENTANTE;;60
432581;610;83;0;22085195;946;TAB IMOVEL L REDUZ ;IMOVEIS ;329333,75;329333,75;3395;CRÉDITO IMÓVEL 300;23/04/2025;23/04/2025;23/04/2025;23/04/2025;PR;ANDAMENTO;;003094;01003229000142;INFINITE CORRETORA DE CREDITO LTDA;3094;INFINITE CREDITO - GFT;18;SANDRO;10;;;;;;;;;23/04/2025 00:00;N00;;;;;;;;;;;1445,21;344,57;0;8932,88;1414,59;21;2;GFT FILIAL-REPRESENTANTE;24/04/2025 00:00;186
434898;1034;137;6;22087311;928;TAB AUTOS REDUZ - WL 928;AUTOMOVEIS;31717,34;31717,34;3185;CRÉDITO AUTO 28;07/05/2025;07/05/2025;07/05/2025;07/05/2025;PE;ANDAMENTO;05/06/2025;003095;49552580000119;CAPITAL PRIME CORRETORA CONSORCIOS LTDA;3095;CAPITAL PRIME - GFT;18;SANDRO;1;0;0;356,6;97,49;234,84;11,35;12,92;0;05/06/2025 00:00;E00;;;;;;;;;SOLICITACAO CONSORCIADO;05/06/2025 00:00;97,49;11,35;0;234,83;12,92;17;2;GFT - DISTRATO SUPORTE;08/05/2025 00:00;53
435089;903;131;2;22087500;943;TAB 1 SERVIÇO - WL;SERVIÇOS;25000;25000;9063;SERVIÇOS 25;08/05/2025;08/05/2025;08/05/2025;;BA;ANDAMENTO;09/07/2025;003231;12345678909;GFT PROMOTORA DE VENDAS LTDA***vendas 75;3044;GFT PROMOTORA - GFT;18;SANDRO;;0;0;527,98;110,78;385,02;21,18;11;0;09/07/2025 00:00;E00;;;;;;;;;1PARCELA SEM PAGAMENTO;09/07/2025 00:00;;;;;;;;GFT - VENDA;;59
437214;1044;51;2;22089467;928;TAB AUTOS REDUZ - WL 928;AUTOMOVEIS;104000;104000;3528;CREDITO AUTO 100;19/05/2025;19/05/2025;19/05/2025;20/05/2025;PI;ANDAMENTO;31/10/2025;003325;55098945000180;LIFEBANK INSTITUICAO DE PAG LTDA*VENDA 2;3208;LIFEBANK - GFT;18;SANDRO;2;0;0;857,74;102,3;685;26,1;44,34;0;31/10/2025 00:00;E00;;;;;;;;;PARCELAS EM ATRASO;31/10/2025 00:00;204,36;51,94;6,76;1365,21;88,68;21;2;GFT - REPRESENTANTE VENDA;21/05/2025 00:00;77
437421;1044;235;2;22089660;689;TAB AUTO WL RED FUNCIONARIO;AUTOMOVEIS;104000;104000;3528;CREDITO AUTO 100;20/05/2025;20/05/2025;20/05/2025;20/05/2025;PI;ANDAMENTO;30/09/2025;003044;17278571000195;GFT PROMOTORA DE VENDAS LTDA;3044;GFT PROMOTORA - GFT;18;SANDRO;1;0;0;794,4;327,3;400;26;41,1;0;30/09/2025 00:00;E00;;;;;;;;;PARCELAS EM ATRASO;30/09/2025 00:00;327,3;26;0;400;41,1;12;2;GFT - WHITE LABEL;21/05/2025 00:00;77
437528;1038;589;5;22089766;928;TAB AUTOS REDUZ - WL 928;AUTOMOVEIS;31780,38;31780,38;3250;CREDITO AUTO 29;21/05/2025;21/05/2025;21/05/2025;23/05/2025;RO;ANDAMENTO;31/10/2025;003095;49552580000119;CAPITAL PRIME CORRETORA CONSORCIOS LTDA;3095;CAPITAL PRIME - GFT;18;SANDRO;2;0;0;312,54;41,03;247,9;9,63;13,98;0;31/10/2025 00:00;E00;;;;;;;;;PARCELAS EM ATRASO;31/10/2025 00:00;78,06;18,32;0;471,6;26,6;20;2;GFT - DISTRATO SUPORTE;26/05/2025 00:00;66
437905;608;412;0;22090135;937;TAB IMOVEL WL - 937 RED;IMOVEIS ;89169,53;89169,53;3061;CARTA DE CREDITO 65 - IMOVEL;23/05/2025;23/05/2025;23/05/2025;23/05/2025;RO;ANDAMENTO;;003095;49552580000119;CAPITAL PRIME CORRETORA CONSORCIOS LTDA;3095;CAPITAL PRIME - GFT;18;SANDRO;8;1;29;370,44;48,78;309,62;12,04;0;0;05/02/2026 00:00;NN5;;;;;;;;;;;423,81;95,1;10;2850,9;0;20;2;GFT - DISTRATO SUPORTE;26/05/2025 00:00;148
427905;903;996;1;22081065;943;TAB 1 SERVIÇO - WL;SERVIÇOS;25000;25000;9063;SERVIÇOS 25;28/03/2025;28/03/2025;28/03/2025;01/04/2025;SP;ANDAMENTO;29/08/2025;003045;17278571000195;GFT PROMOTORA DE VENDAS LTDA -VENDAS;3044;GFT PROMOTORA - GFT;18;SANDRO;2;0;0;520,16;102,5;385,78;20,88;11;0;29/08/2025 00:00;E00;;;;;;;;;PARCELAS EM ATRASO;29/08/2025 00:00;184,32;41,6;1,36;789,71;22;17;5;GFT - WHITE LABEL;02/04/2025 00:00;60
427915;903;998;0;22081075;943;TAB 1 SERVIÇO - WL;SERVIÇOS;25000;25000;9063;SERVIÇOS 25;28/03/2025;28/03/2025;28/03/2025;01/04/2025;CE;ANDAMENTO;;003045;17278571000195;GFT PROMOTORA DE VENDAS LTDA -VENDAS;3044;GFT PROMOTORA - GFT;18;SANDRO;11;;;;;;;;;28/03/2025 00:00;N00;;;;;;;;;;;2872,9;229,12;0;2489,65;121;17;5;GFT - WHITE LABEL;02/04/2025 00:00;60
427928;903;40;0;22081088;943;TAB 1 SERVIÇO - WL;SERVIÇOS;25000;25000;9063;SERVIÇOS 25;28/03/2025;28/03/2025;28/03/2025;01/04/2025;CE;ANDAMENTO;;003045;17278571000195;GFT PROMOTORA DE VENDAS LTDA -VENDAS;3044;GFT PROMOTORA - GFT;18;SANDRO;10;;;;;;;;;28/03/2025 00:00;N00;;;;;;;;;;;2421,32;208,29;0;2453,72;0;17;5;GFT - WHITE LABEL;02/04/2025 00:00;60
427930;903;49;0;22081089;943;TAB 1 SERVIÇO - WL;SERVIÇOS;25000;25000;9063;SERVIÇOS 25;28/03/2025;28/03/2025;28/03/2025;01/04/2025;CE;ANDAMENTO;;003045;17278571000195;GFT PROMOTORA DE VENDAS LTDA -VENDAS;3044;GFT PROMOTORA - GFT;18;SANDRO;10;;;;;;;;;28/03/2025 00:00;N00;;;;;;;;;;;2421,32;208,29;0;2453,72;0;17;5;GFT - WHITE LABEL;02/04/2025 00:00;60
427978;903;70;0;22081137;943;TAB 1 SERVIÇO - WL;SERVIÇOS;25000;25000;9063;SERVIÇOS 25;28/03/2025;28/03/2025;28/03/2025;31/03/2025;CE;ANDAMENTO;;003044;17278571000195;GFT PROMOTORA DE VENDAS LTDA;3044;GFT PROMOTORA - GFT;18;SANDRO;10;;;;;;;;;28/03/2025 00:00;N00;;;;;;;;;;;2421,32;208,29;0;2453,72;110;17;5;GFT - WHITE LABEL;01/04/2025 00:00;60
427995;903;71;0;22081154;943;TAB 1 SERVIÇO - WL;SERVIÇOS;25000;25000;9063;SERVIÇOS 25;28/03/2025;28/03/2025;28/03/2025;31/03/2025;CE;ANDAMENTO;;003044;17278571000195;GFT PROMOTORA DE VENDAS LTDA;3044;GFT PROMOTORA - GFT;18;SANDRO;10;;;;;;;;;28/03/2025 00:00;N00;;;;;;;;;;;2421,32;208,29;0;2453,72;110;17;5;GFT - WHITE LABEL;01/04/2025 00:00;60
428001;903;81;0;22081160;943;TAB 1 SERVIÇO - WL;SERVIÇOS;25000;25000;9063;SERVIÇOS 25;28/03/2025;28/03/2025;28/03/2025;31/03/2025;CE;ANDAMENTO;;003044;17278571000195;GFT PROMOTORA DE VENDAS LTDA;3044;GFT PROMOTORA - GFT;18;SANDRO;10;;;;;;;;;12/08/2025 00:00;N00;;;;;;;;;;;2421,32;208,29;0;2453,72;110;17;5;GFT - WHITE LABEL;01/04/2025 00:00;60
428010;903;88;0;22081169;943;TAB 1 SERVIÇO - WL;SERVIÇOS;25000;25000;9063;SERVIÇOS 25;28/03/2025;28/03/2025;28/03/2025;31/03/2025;CE;ANDAMENTO;;003044;17278571000195;GFT PROMOTORA DE VENDAS LTDA;3044;GFT PROMOTORA - GFT;18;SANDRO;10;;;;;;;;;28/03/2025 00:00;N00;;;;;;;;;;;2421,32;208,29;0;2453,72;110;17;5;GFT - WHITE LABEL;01/04/2025 00:00;60
428012;903;90;0;22081171;943;TAB 1 SERVIÇO - WL;SERVIÇOS;25000;25000;9063;SERVIÇOS 25;28/03/2025;28/03/2025;28/03/2025;31/03/2025;CE;ANDAMENTO;;003044;17278571000195;GFT PROMOTORA DE VENDAS LTDA;3044;GFT PROMOTORA - GFT;18;SANDRO;10;;;;;;;;;28/03/2025 00:00;N00;;;;;;;;;;;2421,32;208,29;0;2453,72;110;17;5;GFT - WHITE LABEL;01/04/2025 00:00;60
431856;1046;1321;1;22084539;928;TAB AUTOS REDUZ - WL 928;AUTOMOVEIS;40000;40000;3550;CREDITO AUTO 40;17/04/2025;17/04/2025;17/04/2025;13/05/2025;RO;ANDAMENTO;31/10/2025;003095;49552580000119;CAPITAL PRIME CORRETORA CONSORCIOS LTDA;3095;CAPITAL PRIME - GFT;18;SANDRO;3;0;0;316,64;20,16;273,8;4,8;17,88;0;31/10/2025 00:00;E00;;;;;;;;;PARCELAS EM ATRASO;31/10/2025 00:00;60,48;14,4;0;821,4;53,64;22;2;GFT - DISTRATO SUPORTE;14/05/2025 00:00;83
432441;610;2444;1;22085055;946;TAB IMOVEL L REDUZ ;IMOVEIS ;164666,88;164666,87;3380;CRÉDITO IMÓVEL 150;23/04/2025;23/04/2025;23/04/2025;30/04/2025;PE;ANDAMENTO;01/12/2025;003171;12345678909;GFT PROMOTORA DE VENDAS LTDA - vendas 51;3078;GFT FILIAL PROMOTORA - GFT;18;SANDRO;4;0;0;626,43;74,59;461,04;17,78;73,02;0;01/12/2025 00:00;E00;;;;;;;;;PARCELAS EM ATRASO;01/12/2025 00:00;285,04;67,96;0;1761,83;279;21;2;GFT FILIAL - VENDA;02/05/2025 00:00;186
432996;1046;1481;1;22085564;928;TAB AUTOS REDUZ - WL 928;AUTOMOVEIS;40000;40000;3550;CREDITO AUTO 40;25/04/2025;25/04/2025;25/04/2025;28/04/2025;RO;ANDAMENTO;29/08/2025;003095;49552580000119;CAPITAL PRIME CORRETORA CONSORCIOS LTDA;3095;CAPITAL PRIME - GFT;18;SANDRO;1;0;0;316,64;20,16;273,8;4,8;17,88;0;29/08/2025 00:00;E00;;;;;;;;;PARCELAS EM ATRASO;29/08/2025 00:00;20,16;4,8;0;273,8;17,88;22;2;GFT - DISTRATO SUPORTE;29/04/2025 00:00;83
433894;1046;1613;1;22086392;928;TAB AUTOS REDUZ - WL 928;AUTOMOVEIS;40000;40000;3550;CREDITO AUTO 40;30/04/2025;30/04/2025;30/04/2025;06/05/2025;RO;ANDAMENTO;30/09/2025;003095;49552580000119;CAPITAL PRIME CORRETORA CONSORCIOS LTDA;3095;CAPITAL PRIME - GFT;18;SANDRO;2;0;0;310,12;20,16;267,4;4,68;17,88;0;30/09/2025 00:00;E00;;;;;;;;;PARCELAS EM ATRASO;30/09/2025 00:00;40,79;9,71;0;554;35,76;22;2;GFT - DISTRATO SUPORTE;07/05/2025 00:00;83
442590;1046;141;2;22094306;928;TAB AUTOS REDUZ - WL 928;AUTOMOVEIS;50000;50000;3555;CREDITO AUTO 50;17/06/2025;17/06/2025;17/06/2025;17/06/2025;PE;ANDAMENTO;30/09/2025;003389;49552580000119;CAPITAL PRIME CORRETORA - VENDAS 3;3386;CAPITAL PRIME;18;SANDRO;1;0;0;406,5;30,25;341,7;12,2;22,35;0;30/09/2025 00:00;E00;;;;;;;;;PARCELAS EM ATRASO;30/09/2025 00:00;30,25;12,2;0;341,7;22,35;22;2;GFT FILIAL - REPRES VENDA;18/06/2025 00:00;82
443573;1046;264;2;22095219;928;TAB AUTOS REDUZ - WL 928;AUTOMOVEIS;80000;80000;3570;CREDITO AUTO 80;23/06/2025;23/06/2025;23/06/2025;24/06/2025;RO;ANDAMENTO;31/10/2025;003337;59829479000116;BR SOLUCOES FINANCEIRAS LTDA;3337;BR SOLUCOES FINANCEIRAS LTDA;18;SANDRO;1;0;0;658;55,76;546,72;19,76;35,76;0;31/10/2025 00:00;E00;;;;;;;;;PARCELAS EM ATRASO;31/10/2025 00:00;55,76;19,76;0;546,72;35,76;22;2;GFT - REPRESENTANTE;25/06/2025 00:00;81
444362;610;235;2;22095889;688;TAB IMOVEL RED WL FUNCIONARIO;IMOVEIS ;164666,88;164666,87;3380;CRÉDITO IMÓVEL 150;27/06/2025;27/06/2025;27/06/2025;27/06/2025;PA;ANDAMENTO;31/10/2025;003044;17278571000195;GFT PROMOTORA DE VENDAS LTDA;3044;GFT PROMOTORA - GFT;18;SANDRO;1;0;0;579,9;212,68;283,15;17,15;66,92;0;31/10/2025 00:00;E00;;;;;;;;;PARCELAS EM ATRASO;31/10/2025 00:00;212,68;17,15;0;283,15;66,92;16;2;GFT - WHITE LABEL;30/06/2025 00:00;184
444431;610;234;2;22095957;688;TAB IMOVEL RED WL FUNCIONARIO;IMOVEIS ;164666,88;164666,87;3380;CRÉDITO IMÓVEL 150;27/06/2025;27/06/2025;27/06/2025;27/06/2025;CE;ANDAMENTO;30/01/2026;003044;17278571000195;GFT PROMOTORA DE VENDAS LTDA;3044;GFT PROMOTORA - GFT;18;SANDRO;4;0;0;607,03;222,63;296,4;17,95;70,05;0;30/01/2026 00:00;E00;;;;;;;;;PARCELAS EM ATRASO;30/01/2026 00:00;850,72;68,6;0,51;1132,6;267,68;16;2;GFT - WHITE LABEL;30/06/2025 00:00;184
446910;1043;228;4;22098175;928;TAB AUTOS REDUZ - WL 928;AUTOMOVEIS;42640;42640;3438;CREDITO AUTO 41;09/07/2025;09/07/2025;09/07/2025;10/07/2025;PE;ANDAMENTO;30/12/2025;003387;49552580000119;CAPITAL PRIME CORRETORA - VENDAS 1;3386;CAPITAL PRIME;18;SANDRO;3;0;0;392,37;57,22;304,22;12,02;18,91;0;30/12/2025 00:00;E00;;;;;;;;;PARCELAS EM ATRASO;30/12/2025 00:00;164,74;33,15;1,92;838,93;55,27;21;2;GFT FILIAL - REPRES VENDA;11/07/2025 00:00;74
447289;1047;253;0;22098550;912;TAB AUTOS - WL 912/913;AUTOMOVEIS;60000;60000;3581;CREDITO AUTO 60;11/07/2025;11/07/2025;11/07/2025;14/07/2025;RO;ANDAMENTO;;003388;49552580000119;CAPITAL PRIME CORRETORA - VENDAS 2;3386;CAPITAL PRIME;18;SANDRO;7;;;;;;;;;02/12/2025 00:00;N00;;;;;;;;;;;346,08;99,96;12,99;5754;321,86;22;2;GFT FILIAL - REPRES VENDA;15/07/2025 00:00;84
450141;1047;958;0;22100910;928;TAB AUTOS REDUZ - WL 928;AUTOMOVEIS;42000;42000;3572;CREDITO AUTO 42;24/07/2025;24/07/2025;24/07/2025;25/07/2025;RS;ANDAMENTO;;003444;12345678909;GFT PROMOTORA DE VENDAS LTDA**vendas 152;3044;GFT PROMOTORA - GFT;18;SANDRO;6;;;;;;;;;24/07/2025 00:00;N00;;;;;;;;;;;127,02;30,24;0;1725,09;112,62;22;2;GFT - VENDA;28/07/2025 00:00;83
454230;1026;797;6;22103604;928;TAB AUTOS REDUZ - WL 928;AUTOMOVEIS;40687;40687;1330;CRÉDITO AUTO 30;08/08/2025;08/08/2025;08/08/2025;12/08/2025;RO;ANDAMENTO;30/12/2025;003337;59829479000116;BR SOLUCOES FINANCEIRAS LTDA;3337;BR SOLUCOES FINANCEIRAS LTDA;18;SANDRO;2;0;0;589,92;236,19;317,36;18,92;17,45;0;30/12/2025 00:00;E00;;;;;;;;;PARCELAS EM ATRASO;30/12/2025 00:00;472,38;37,84;0;634,72;34,9;17;2;GFT - REPRESENTANTE;13/08/2025 00:00;43
454990;903;8;0;22104320;943;TAB 1 SERVIÇO - WL;SERVIÇOS;50000;50000;9068;SERVIÇOS 50;12/08/2025;12/08/2025;12/08/2025;12/08/2025;RO;ANDAMENTO;;003438;12345678909;GFT PROMOTORA DE VENDAS LTDA**vendas 146;3044;GFT PROMOTORA - GFT;18;SANDRO;6;;;;;;;;;26/11/2025 00:00;N00;18/09/2025;69,5;36;LL;Lance Livre;NÃO;34750;50000;;;30991,18;1631,71;5,88;6717,51;0;17;5;GFT - VENDA;13/08/2025 00:00;56
455112;610;565;0;22104427;946;TAB IMOVEL L REDUZ ;IMOVEIS ;208578,05;208578,04;3384;CRÉDITO IMÓVEL 190;13/08/2025;13/08/2025;13/08/2025;13/08/2025;PE;ANDAMENTO;;003287;12345678909;GFT PROMOTORA DE VENDAS LTDA***vendas 95;3044;GFT PROMOTORA - GFT;18;SANDRO;7;;;;;;;;;13/08/2025 00:00;N00;;;;;;;;;;;853,65;155,1;0;6402,42;630,87;21;2;GFT - VENDA;14/08/2025 00:00;183
457488;1038;1274;5;22106627;928;TAB AUTOS REDUZ - WL 928;AUTOMOVEIS;31780,38;31780,38;3250;CREDITO AUTO 29;26/08/2025;26/08/2025;26/08/2025;28/08/2025;BA;ANDAMENTO;30/12/2025;003388;49552580000119;CAPITAL PRIME CORRETORA - VENDAS 2;3386;CAPITAL PRIME;18;SANDRO;1;0;0;326,73;54,79;247,89;10,07;13,98;0;30/12/2025 00:00;E00;;;;;;;;;PARCELAS EM ATRASO;30/12/2025 00:00;52,12;9,58;0;235,79;13,3;20;2;GFT FILIAL - REPRES VENDA;29/08/2025 00:00;63
457876;1026;822;8;22106974;928;TAB AUTOS REDUZ - WL 928;AUTOMOVEIS;119348,52;119348,52;1388;CRÉDITO AUTO 88;28/08/2025;28/08/2025;28/08/2025;29/08/2025;RO;ANDAMENTO;20/10/2025;003387;49552580000119;CAPITAL PRIME CORRETORA - VENDAS 1;3386;CAPITAL PRIME;18;SANDRO;1;0;0;1770,42;731,49;930,92;56,81;51,2;0;20/10/2025 00:00;E00;;;;;;;;;SOLICITACAO CONSORCIADO;20/10/2025 09:06;731,49;56,81;0;930,92;51,2;17;2;GFT FILIAL - REPRES VENDA;01/09/2025 00:00;42
459682;1045;306;0;22108648;;;AUTOMOVEIS;81478,8;81478,8;3548;CREDITO AUTO 78;05/09/2025;05/09/2025;05/09/2025;05/09/2025;MS;ANDAMENTO;;003478;70182571000170;PORTAL NEGOCIOS E SOLUCOES CORRETORA DE ;3478;PORTAL;18;SANDRO;6;;;;;;;;;06/11/2025 00:00;N00;22/12/2025;60;1;LL;Lance Livre;NÃO;46800;78000;;;40418,26;845,25;4,49;9454,18;210,62;21;2;GFT FILIAL-REPRESENTANTE;08/09/2025 00:00;76
460130;1040;335;4;22109078;928;TAB AUTOS REDUZ - WL 928;AUTOMOVEIS;38561,63;38561,63;3303;CREDITO AUTO 35;08/09/2025;08/09/2025;08/09/2025;09/09/2025;PE;ANDAMENTO;30/12/2025;003474;32723944000183;A B ALVES INVESTIMENTOS EM CREDITOS;3474;A B ALVES;18;SANDRO;1;0;0;384,79;55,18;300,77;11,88;16,96;0;30/12/2025 00:00;E00;;;;;;;;;PARCELAS EM ATRASO;30/12/2025 00:00;52,47;11,29;0;285,99;16,13;20;2;GFT - REPRESENTANTE;10/09/2025 00:00;65
461186;800;155;0;22110072;935;TAB PESADOS RED - WL GFT;CAMINHOES / ONIBUS;135623,31;135623,31;3037;CARTA DE CRÉDITO 100-CAMINHÃO;12/09/2025;12/09/2025;12/09/2025;15/09/2025;SP;ANDAMENTO;;003700;38350846000124;FABIO ARIMA CORR DE SEGUROS LTDA - GFT;3700;GFT - FABIO ARIMA 5%;18;SANDRO;2;2;62;707,14;114,33;569,62;23,19;0;0;13/01/2026 00:00;NN2;;;;;;;;;;;228,66;46,38;0,24;1139,24;0;18;2;GFT FILIAL-REPRESENTANTE;16/09/2025 00:00;117
464796;610;9049;0;22113311;946;TAB IMOVEL L REDUZ ;IMOVEIS ;263467;263467;3389;CRÉDITO IMÓVEL 240;30/09/2025;30/09/2025;30/09/2025;01/10/2025;RO;ANDAMENTO;;003338;39339901000148;J.C.CONSORCIO LTDA;3338;J.C.CONSORCIO;18;SANDRO;3;0;0;103,86;0;0;0;0;103,86;03/02/2026 00:00;N00;;;;;;;;;;;467,17;85,65;0;3503,8;0;21;2;GFT FILIAL-REPRESENTANTE;02/10/2025 00:00;181
467366;1034;104;5;22115689;912;TAB AUTOS - WL 912/913;AUTOMOVEIS;55505,33;55505,33;3198;CRÉDITO AUTO 49;14/10/2025;14/10/2025;14/10/2025;15/10/2025;RO;ANDAMENTO;30/01/2026;003387;49552580000119;CAPITAL PRIME CORRETORA - VENDAS 1;3386;CAPITAL PRIME;18;SANDRO;1;0;0;1416,91;498,16;854,78;23,15;40,82;0;30/01/2026 00:00;E00;;;;;;;;;PARCELAS EM ATRASO;30/01/2026 00:00;498,16;23,15;0;854,78;40,82;17;2;GFT FILIAL - REPRES VENDA;16/10/2025 00:00;48
467862;313;794;0;22116152;944;TAB 1 MOTO - WL;MOTOCICLETAS;17000;17000;9087;CARTA DE CRÉDITO - MOTO 17;16/10/2025;16/10/2025;16/10/2025;16/10/2025;BA;ANDAMENTO;;003112;12345678909;GFT PROMOTORA DE VENDAS LTDA 25;3044;GFT PROMOTORA - GFT;18;SANDRO;4;;;;;;;;;17/12/2025 00:00;N00;;;;;;;;;;;105,01;16,6;0,09;931,63;68,68;25;2;GFT - VENDA;17/10/2025 00:00;82
469243;800;163;0;22117464;935;TAB PESADOS RED - WL GFT;CAMINHOES / ONIBUS;230559,64;230559,64;3019;CARTA DE CRÉDITO 170-CAMINHÃO;23/10/2025;23/10/2025;23/10/2025;23/10/2025;AM;ANDAMENTO;;003970;30866485000161;PAMELA MATIAS DA SILVA;3970;PAMELA - GFT ;18;SANDRO;4;;;;;;;;;16/01/2026 00:00;N00;;;;;;;;;;;817,1;158,64;1,21;3873,46;0;18;2;GFT - REPRESENTANTE;24/10/2025 00:00;116
469391;1039;32;0;22117611;928;TAB AUTOS REDUZ - WL 928;AUTOMOVEIS;35141,92;35141,92;3274;CREDITO AUTO 32;24/10/2025;24/10/2025;24/10/2025;24/10/2025;PE;ANDAMENTO;;003094;01003229000142;INFINITE CORRETORA DE CREDITO LTDA;3094;INFINITE CREDITO - GFT;18;SANDRO;3;;;;;;;;;24/10/2025 00:00;N00;18/12/2025;0;0;SO;Sorteio;NÃO;0;35141,92;;;197,88;34,05;0;822,31;46,38;20;2;GFT FILIAL-REPRESENTANTE;27/10/2025 00:00;62
470797;1043;1;0;22118950;928;TAB AUTOS REDUZ - WL 928;AUTOMOVEIS;75920;75920;3470;CREDITO AUTO 73;31/10/2025;31/10/2025;31/10/2025;10/11/2025;BA;ANDAMENTO;;003094;01003229000142;INFINITE CORRETORA DE CREDITO LTDA;3094;INFINITE CREDITO - GFT;18;SANDRO;1;2;62;711,55;137,34;518,84;21,71;33,66;0;13/01/2026 00:00;NN2;;;;;;;;;;;137,34;21,71;0;518,84;33,66;21;2;GFT FILIAL-REPRESENTANTE;11/11/2025 00:00;70
473737;608;230;0;22121771;780;IMOVEL LINEAR - RED ;IMOVEIS ;116606,29;116606,29;3065;CARTA DE CREDITO 85 - IMOVEL;14/11/2025;14/11/2025;14/11/2025;14/11/2025;AM;ANDAMENTO;;004002;30679749000178;D C BARROS LTDA;402;D C BARROS;18;SANDRO;3;;;;;;;;;14/11/2025 00:00;N00;;;;;;;;;;;463,5;49,32;0;1014,46;153,84;20;2;GFT - REPRESENTANTE;17/11/2025 00:00;142
474086;1047;487;0;22122100;965;TAB AUTOS 71 A 84M ;AUTOMOVEIS;80000;80000;3591;CREDITO AUTO 80;17/11/2025;17/11/2025;17/11/2025;17/11/2025;AM;ANDAMENTO;;003970;30866485000161;PAMELA MATIAS DA SILVA;3970;PAMELA - GFT ;18;SANDRO;1;1;29;1306,33;129,28;1096;20,24;60,81;0;13/01/2026 00:00;NN1;;;;;;;;;;;129,28;20,24;0;1096;60,81;21;2;GFT - REPRESENTANTE;18/11/2025 00:00;79
475094;1046;2180;0;22123062;969;TAB AUTOS 71 A 84M RED ;AUTOMOVEIS;80000;80000;3570;CREDITO AUTO 80;21/11/2025;21/11/2025;21/11/2025;21/11/2025;AM;ANDAMENTO;;003970;30866485000161;PAMELA MATIAS DA SILVA;3970;PAMELA - GFT ;18;SANDRO;3;;;;;;;;;14/01/2026 00:00;N00;;;;;;;;;;;245,55;62,41;6,5;1640,38;106,41;21;2;GFT - REPRESENTANTE;24/11/2025 00:00;77
443569;1046;158;2;22095215;928;TAB AUTOS REDUZ - WL 928;AUTOMOVEIS;60000;60000;3560;CREDITO AUTO 60;23/06/2025;23/06/2025;23/06/2025;24/06/2025;RO;ANDAMENTO;31/10/2025;003337;59829479000116;BR SOLUCOES FINANCEIRAS LTDA;3337;BR SOLUCOES FINANCEIRAS LTDA;18;SANDRO;1;0;0;493,5;41,82;410,04;14,82;26,82;0;31/10/2025 00:00;E00;;;;;;;;;PARCELAS EM ATRASO;31/10/2025 00:00;41,82;14,82;0;410,04;26,82;22;2;GFT - REPRESENTANTE;25/06/2025 00:00;81
443798;1040;249;5;22095403;928;TAB AUTOS REDUZ - WL 928;AUTOMOVEIS;42968,67;42968,67;3307;CREDITO AUTO 39;24/06/2025;24/06/2025;24/06/2025;24/06/2025;CE;ANDAMENTO;31/10/2025;003163;12345678909;GFT PROMOTORA DE VENDAS LTDA - vendas 43;3078;GFT FILIAL PROMOTORA - GFT;18;SANDRO;1;0;0;396,07;47,19;318,69;12,22;17,97;0;31/10/2025 00:00;E00;;;;;;;;;PARCELAS EM ATRASO;31/10/2025 00:00;47,19;12,22;0;318,68;17,97;20;2;GFT FILIAL - VENDA;25/06/2025 00:00;67
445562;1041;118;0;22096959;912;TAB AUTOS - WL 912/913;AUTOMOVEIS;73551,2;73551,2;3366;CREDITO AUTO 67;03/07/2025;03/07/2025;03/07/2025;03/07/2025;SP;ANDAMENTO;;003461;59374764000190;PRIME CREDITO CSC LTDA;3044;GFT PROMOTORA - GFT;18;SANDRO;8;;;;;;;;;03/07/2025 00:00;N00;17/07/2025;64;56;LL;Lance Livre;NÃO;44968,25;70262,9;;;41177,62;831,06;0;8428,55;431,25;20;2;GFT - REPRESENTANTE;04/07/2025 00:00;68
446583;313;160;1;22097905;944;TAB 1 MOTO - WL;MOTOCICLETAS;30000;30000;9100;CARTA DE CRÉDITO - MOTO 30;08/07/2025;08/07/2025;08/07/2025;09/07/2025;RO;ANDAMENTO;01/12/2025;003388;49552580000119;CAPITAL PRIME CORRETORA - VENDAS 2;3386;CAPITAL PRIME;18;SANDRO;1;0;0;476,69;35,43;411;7,14;23,12;0;01/12/2025 00:00;E00;;;;;;;;;PARCELAS EM ATRASO;01/12/2025 00:00;35,43;7,14;0;411;23,12;25;2;GFT FILIAL - REPRES VENDA;10/07/2025 00:00;84
447131;903;38;3;22098394;943;TAB 1 SERVIÇO - WL;SERVIÇOS;30000;30000;9064;SERVIÇOS 30;10/07/2025;10/07/2025;10/07/2025;11/07/2025;CE;ANDAMENTO;31/10/2025;003457;55098945000180;LIFEBANK INSTITUICAO DE PAGTOS - VENDA 6;3208;LIFEBANK - GFT;18;SANDRO;1;0;0;655,28;153,78;462;26,31;13,19;0;31/10/2025 00:00;E00;;;;;;;;;PARCELAS EM ATRASO;31/10/2025 00:00;153,78;26,31;0;462;13,19;17;5;GFT - REPRESENTANTE VENDA;14/07/2025 00:00;57
450663;1043;88;3;22101377;928;TAB AUTOS REDUZ - WL 928;AUTOMOVEIS;54080;54080;3449;CREDITO AUTO 52;28/07/2025;28/07/2025;28/07/2025;29/07/2025;PE;ANDAMENTO;23/12/2025;003474;32723944000183;A B ALVES INVESTIMENTOS EM CREDITOS;3474;A B ALVES;18;SANDRO;1;0;0;487;78,63;369,57;14,82;23,98;0;23/12/2025 00:00;E00;;;;;;;;;PARCELAS EM ATRASO;23/12/2025 00:00;75,61;14,25;0;355,37;23,06;21;2;GFT - REPRESENTANTE;30/07/2025 00:00;73
451166;312;882;2;22101819;944;TAB 1 MOTO - WL;MOTOCICLETAS;25000;25000;9079;CARTA DE CRÉDITO - MOTO 25;30/07/2025;30/07/2025;30/07/2025;31/07/2025;PE;ANDAMENTO;28/11/2025;003387;49552580000119;CAPITAL PRIME CORRETORA - VENDAS 1;3386;CAPITAL PRIME;18;SANDRO;1;0;0;412,83;43,3;342,5;6,18;20,85;0;28/11/2025 00:00;E00;;;;;;;;;PARCELAS EM ATRASO;28/11/2025 00:00;43,3;6,17;0;342,5;20,85;25;2;GFT FILIAL - REPRES VENDA;01/08/2025 00:00;81
452626;903;2;0;22102194;943;TAB 1 SERVIÇO - WL;SERVIÇOS;25000;25000;9063;SERVIÇOS 25;31/07/2025;31/07/2025;31/07/2025;01/08/2025;BA;ANDAMENTO;;003387;49552580000119;CAPITAL PRIME CORRETORA - VENDAS 1;3386;CAPITAL PRIME;18;SANDRO;4;2;62;555,63;137,32;384,99;22,32;11;0;13/01/2026 00:00;SC2;;;;;;;;;;;549,29;89,28;0;1539,96;44;17;5;GFT FILIAL - REPRES VENDA;04/08/2025 00:00;56
455983;1032;45;0;22105244;928;TAB AUTOS REDUZ - WL 928;AUTOMOVEIS;34199,39;34199,39;3151;CRÉDITO AUTO 30;18/08/2025;18/08/2025;18/08/2025;19/08/2025;RO;ANDAMENTO;;003388;49552580000119;CAPITAL PRIME CORRETORA - VENDAS 2;3386;CAPITAL PRIME;18;SANDRO;3;2;62;454,91;158,92;266,75;14,57;14,67;0;13/01/2026 00:00;NN2;;;;;;;;;;;476,77;43,72;0,44;800,27;44,01;17;2;GFT FILIAL - REPRES VENDA;20/08/2025 00:00;47
459125;1034;94;4;22108122;928;TAB AUTOS REDUZ - WL 928;AUTOMOVEIS;56638,09;56638,09;3199;CRÉDITO AUTO 50;03/09/2025;03/09/2025;03/09/2025;04/09/2025;PE;ANDAMENTO;30/12/2025;003474;32723944000183;A B ALVES INVESTIMENTOS EM CREDITOS;3474;A B ALVES;18;SANDRO;1;0;0;723,63;234,43;441,79;23,11;24,3;0;30/12/2025 00:00;E00;;;;;;;;;PARCELAS EM ATRASO;30/12/2025 00:00;234,43;23,11;0;441,78;24,3;17;2;GFT - REPRESENTANTE;05/09/2025 00:00;49
460662;1033;28;6;22109570;928;TAB AUTOS REDUZ - WL 928;AUTOMOVEIS;50059,58;50059,58;3174;CRÉDITO AUTO 44;10/09/2025;10/09/2025;10/09/2025;12/09/2025;PE;ANDAMENTO;24/11/2025;003094;01003229000142;INFINITE CORRETORA DE CREDITO LTDA;3094;INFINITE CREDITO - GFT;18;SANDRO;1;0;0;652,47;219,66;390,46;20,87;21,48;0;24/11/2025 00:00;E00;;;;;;;;;SOLICITACAO CONSORCIADO;24/11/2025 10:35;197,68;20,87;0;412,44;21,48;17;2;GFT FILIAL-REPRESENTANTE;15/09/2025 00:00;48
438048;1032;120;2;22090264;928;TAB AUTOS REDUZ - WL 928;AUTOMOVEIS;36479,36;36479,36;3152;CRÉDITO AUTO 32;24/05/2025;24/05/2025;24/05/2025;26/05/2025;PE;ANDAMENTO;30/12/2025;003095;49552580000119;CAPITAL PRIME CORRETORA CONSORCIOS LTDA;3095;CAPITAL PRIME - GFT;18;SANDRO;4;0;0;457,69;142,27;284,54;15,23;15,65;0;30/12/2025 00:00;E00;;;;;;;;;PARCELAS EM ATRASO;30/12/2025 00:00;569,07;60,92;0;1138,15;62,6;17;2;GFT - DISTRATO SUPORTE;27/05/2025 00:00;50
439338;1044;201;2;22091364;689;TAB AUTO WL RED FUNCIONARIO;AUTOMOVEIS;104000;104000;3528;CREDITO AUTO 100;30/05/2025;30/05/2025;30/05/2025;30/05/2025;SP;ANDAMENTO;30/09/2025;003044;17278571000195;GFT PROMOTORA DE VENDAS LTDA;3044;GFT PROMOTORA - GFT;18;SANDRO;1;0;0;794,4;327,3;400;26;41,1;0;30/09/2025 00:00;E00;;;;;;;;;PARCELAS EM ATRASO;30/09/2025 00:00;327,3;26;0;400;41,1;12;2;GFT - WHITE LABEL;02/06/2025 00:00;77
441214;1046;2176;1;22093047;928;TAB AUTOS REDUZ - WL 928;AUTOMOVEIS;80000;80000;3570;CREDITO AUTO 80;09/06/2025;09/06/2025;09/06/2025;10/06/2025;PE;ANDAMENTO;30/09/2025;003337;59829479000116;BR SOLUCOES FINANCEIRAS LTDA;3337;BR SOLUCOES FINANCEIRAS LTDA;18;SANDRO;1;0;0;650,4;48,4;546,72;19,52;35,76;0;30/09/2025 00:00;E00;;;;;;;;;PARCELAS EM ATRASO;30/09/2025 00:00;48,4;19,52;0;546,72;35,76;22;2;GFT - REPRESENTANTE;11/06/2025 00:00;82
441814;903;165;1;22093585;943;TAB 1 SERVIÇO - WL;SERVIÇOS;50000;50000;9068;SERVIÇOS 50;12/06/2025;12/06/2025;12/06/2025;16/06/2025;DF;ANDAMENTO;30/09/2025;003332;20000772000130;MGSSILVA CONSULTORIA E SERVICOS ;3332;MGSSILVA CONSULTORIA - GFT;18;SANDRO;1;0;0;1073,69;238,6;770;43,1;21,99;0;30/09/2025 00:00;E00;;;;;;;;;PARCELAS EM ATRASO;30/09/2025 00:00;238,6;43,1;0;770;21,99;17;5;GFT FILIAL-REPRESENTANTE;17/06/2025 00:00;58
444229;311;187;2;22095770;944;TAB 1 MOTO - WL;MOTOCICLETAS;26282,5;26282,5;9057;CARTA DE CRÉDITO - MOTO25;26/06/2025;26/06/2025;26/06/2025;09/07/2025;RO;ANDAMENTO;28/11/2025;003388;49552580000119;CAPITAL PRIME CORRETORA - VENDAS 2;3386;CAPITAL PRIME;18;SANDRO;2;0;0;461,8;73,22;360,06;7,1;21,42;0;28/11/2025 00:00;E00;;;;;;;;;PARCELAS EM ATRASO;28/11/2025 00:00;139,3;13,5;0;685;41,7;25;2;GFT FILIAL - REPRES VENDA;10/07/2025 00:00;74
448344;800;15;15;22099510;918;TAB PESADOS ;CAMINHOES / ONIBUS;257684,31;257684,31;3021;CARTA DE CRÉDITO 190-CAMINHÃO;16/07/2025;16/07/2025;16/07/2025;;RJ;ANDAMENTO;03/09/2025;003370;57936314000118;ALEXANDRE TEIXEIRA DA SILVA;3370;ALEXANDRE TEIXEIR;18;SANDRO;;0;0;2689,22;275,21;2370,72;43,29;0;0;03/09/2025 00:00;E00;;;;;;;;;SOLICITACAO CONSORCIADO;03/09/2025 12:35;;;;;;;;GFT - REPRESENTANTE;;119
450816;312;15;1;22101504;944;TAB 1 MOTO - WL;MOTOCICLETAS;25000;25000;9079;CARTA DE CRÉDITO - MOTO 25;29/07/2025;29/07/2025;29/07/2025;04/08/2025;RO;ANDAMENTO;01/12/2025;003337;59829479000116;BR SOLUCOES FINANCEIRAS LTDA;3337;BR SOLUCOES FINANCEIRAS LTDA;18;SANDRO;1;0;0;412,83;43,3;342,5;6,18;20,85;0;01/12/2025 00:00;E00;;;;;;;;;PARCELAS EM ATRASO;01/12/2025 00:00;38,98;6,17;0;346,82;20,85;25;2;GFT - REPRESENTANTE;05/08/2025 00:00;81
452721;800;33;8;22102271;918;TAB PESADOS ;CAMINHOES / ONIBUS;189872,66;189872,66;3041;CARTA DE CRÉDITO 140-CAMINHÃO;01/08/2025;01/08/2025;01/08/2025;;RR;ANDAMENTO;15/09/2025;003364;10954478000104;ARTE REAL CORRETORA DE SEGUROS LTDA;3364;ARTE REAL CORRETORA- GFT;18;SANDRO;;0;0;1981,47;202,78;1746,79;31,9;0;0;15/09/2025 00:00;E00;;;;;;;;;1PARCELA SEM PAGAMENTO;15/09/2025 00:00;;;;;;;;GFT - REPRESENTANTE;;119
453493;610;446;2;22102947;946;TAB IMOVEL L REDUZ ;IMOVEIS ;164666,88;164666,87;3380;CRÉDITO IMÓVEL 150;05/08/2025;05/08/2025;05/08/2025;07/08/2025;RO;ANDAMENTO;30/12/2025;003338;39339901000148;J.C.CONSORCIO LTDA;3338;J.C.CONSORCIO;18;SANDRO;2;0;0;930,77;98,8;741;17,95;73,02;0;30/12/2025 00:00;E00;;;;;;;;;PARCELAS EM ATRASO;30/12/2025 00:00;188,76;34,3;2,19;1415,72;139,5;21;2;GFT FILIAL-REPRESENTANTE;08/08/2025 00:00;183
454203;1047;2233;1;22103581;928;TAB AUTOS REDUZ - WL 928;AUTOMOVEIS;70000;70000;3586;CREDITO AUTO 70;08/08/2025;08/08/2025;08/08/2025;12/08/2025;RO;ANDAMENTO;25/09/2025;003337;59829479000116;BR SOLUCOES FINANCEIRAS LTDA;3337;BR SOLUCOES FINANCEIRAS LTDA;18;SANDRO;2;;;;;;;;;25/09/2025 00:00;E00;;;;;;;;;SOLICITACAO CONSORCIADO;25/09/2025 00:00;70,56;16,8;0;958,3;62,58;22;2;GFT - REPRESENTANTE;13/08/2025 00:00;83
455990;1047;577;2;22105251;912;TAB AUTOS - WL 912/913;AUTOMOVEIS;50000;50000;3576;CREDITO AUTO 50;18/08/2025;18/08/2025;18/08/2025;19/08/2025;RO;ANDAMENTO;30/12/2025;003388;49552580000119;CAPITAL PRIME CORRETORA - VENDAS 2;3386;CAPITAL PRIME;18;SANDRO;1;0;0;794,42;58,9;685;12,2;38,32;0;30/12/2025 00:00;E00;;;;;;;;;PARCELAS EM ATRASO;30/12/2025 00:00;58,9;12,2;0;685;38,32;22;2;GFT FILIAL - REPRES VENDA;20/08/2025 00:00;82
439044;1044;1499;2;22091122;928;TAB AUTOS REDUZ - WL 928;AUTOMOVEIS;104000;104000;3528;CREDITO AUTO 100;29/05/2025;29/05/2025;29/05/2025;30/05/2025;RO;ANDAMENTO;30/09/2025;003388;49552580000119;CAPITAL PRIME CORRETORA - VENDAS 2;3386;CAPITAL PRIME;18;SANDRO;1;0;0;856,04;102,3;683,4;26;44,34;0;30/09/2025 00:00;E00;;;;;;;;;PARCELAS EM ATRASO;30/09/2025 00:00;102,3;26;0;683,4;44,34;21;2;GFT FILIAL - REPRES VENDA;02/06/2025 00:00;77
439339;1044;277;2;22091365;689;TAB AUTO WL RED FUNCIONARIO;AUTOMOVEIS;104000;104000;3528;CREDITO AUTO 100;30/05/2025;30/05/2025;30/05/2025;30/05/2025;SP;ANDAMENTO;30/09/2025;003044;17278571000195;GFT PROMOTORA DE VENDAS LTDA;3044;GFT PROMOTORA - GFT;18;SANDRO;1;0;0;794,4;327,3;400;26;41,1;0;30/09/2025 00:00;E00;;;;;;;;;PARCELAS EM ATRASO;30/09/2025 00:00;327,3;26;0;400;41,1;12;2;GFT - WHITE LABEL;02/06/2025 00:00;77
439746;1038;867;0;22091729;928;TAB AUTOS REDUZ - WL 928;AUTOMOVEIS;33972,13;33972,13;3252;CREDITO AUTO 31;03/06/2025;03/06/2025;03/06/2025;03/06/2025;RO;ANDAMENTO;;003386;49552580000119;CAPITAL PRIME CORRETORA CONSORCIOS LTDA;3386;CAPITAL PRIME;18;SANDRO;66;;;;;;;;;17/10/2025 00:00;Q00;16/10/2025;99,7418;64;LL;Lance Livre;SIM;40807,7;33972,13;;;33969,79;678,44;0;5382,48;28,42;15,92;2;GFT FILIAL-REPRESENTANTE;04/06/2025 00:00;66
442608;610;8209;1;22094324;946;TAB IMOVEL L REDUZ ;IMOVEIS ;263467;263467;3389;CRÉDITO IMÓVEL 240;17/06/2025;17/06/2025;17/06/2025;18/06/2025;PE;ANDAMENTO;12/08/2025;003389;49552580000119;CAPITAL PRIME CORRETORA - VENDAS 3;3386;CAPITAL PRIME;18;SANDRO;1;0;0;1422,36;151,01;1132,57;27,18;111,6;0;17/11/2025 00:00;E00;;;;;;;;;SOLICITACAO CONSORCIADO;12/08/2025 14:41;151,01;27,18;0;1132,6;111,6;21;2;GFT FILIAL - REPRES VENDA;20/06/2025 00:00;185
444326;312;838;1;22095853;944;TAB 1 MOTO - WL;MOTOCICLETAS;30000;30000;9084;CARTA DE CRÉDITO - MOTO 30;26/06/2025;26/06/2025;26/06/2025;09/07/2025;RO;ANDAMENTO;23/12/2025;003388;49552580000119;CAPITAL PRIME CORRETORA - VENDAS 2;3386;CAPITAL PRIME;18;SANDRO;3;0;0;487,76;46,32;411;7,32;23,12;0;23/12/2025 00:00;E00;;;;;;;;;PARCELAS EM ATRASO;23/12/2025 00:00;138,96;21,96;0;1233;69,36;25;2;GFT FILIAL - REPRES VENDA;10/07/2025 00:00;82
446311;608;877;0;22097651;937;TAB IMOVEL WL - 937 RED;IMOVEIS ;82310,33;82310,33;3060;CARTA DE CREDITO 60 - IMOVEL;07/07/2025;07/07/2025;07/07/2025;08/07/2025;RO;ANDAMENTO;;003388;49552580000119;CAPITAL PRIME CORRETORA - VENDAS 2;3386;CAPITAL PRIME;18;SANDRO;6;1;29;380,45;47,25;285,8;11,2;36,2;0;13/01/2026 00:00;NN1;;;;;;;;;;;314,47;66,64;19,74;2074,31;215,4;20;2;GFT FILIAL - REPRES VENDA;10/07/2025 00:00;147
447025;800;61;0;22098289;935;TAB PESADOS RED - WL GFT;CAMINHOES / ONIBUS;176310,31;176310,31;3040;CARTA DE CRÉDITO 130-CAMINHÃO;10/07/2025;10/07/2025;10/07/2025;10/07/2025;MA;ANDAMENTO;;003208;55098945000180;LIFEBANK INSTITUICAO DE PAGAMENTOS LTDA;3208;LIFEBANK - GFT;18;SANDRO;5;2;62;896,33;126,41;740,48;29,44;0;0;13/01/2026 00:00;NN2;;;;;;;;;;;632,06;147,2;0;3702,41;0;18;2;GFT - REPRESENTANTE;11/07/2025 00:00;120
447291;1047;1139;0;22098552;912;TAB AUTOS - WL 912/913;AUTOMOVEIS;60000;60000;3581;CREDITO AUTO 60;11/07/2025;11/07/2025;11/07/2025;14/07/2025;RO;ANDAMENTO;;003388;49552580000119;CAPITAL PRIME CORRETORA - VENDAS 2;3386;CAPITAL PRIME;18;SANDRO;7;;;;;;;;;02/12/2025 00:00;N00;;;;;;;;;;;346,08;99,96;12,99;5754;321,86;22;2;GFT FILIAL - REPRES VENDA;15/07/2025 00:00;84
449164;1043;625;3;22100240;928;TAB AUTOS REDUZ - WL 928;AUTOMOVEIS;72800;72800;3467;CREDITO AUTO 70;21/07/2025;21/07/2025;21/07/2025;22/07/2025;PE;ANDAMENTO;31/10/2025;003387;49552580000119;CAPITAL PRIME CORRETORA - VENDAS 1;3386;CAPITAL PRIME;18;SANDRO;1;0;0;647,17;97,7;497,53;19,66;32,28;0;31/10/2025 00:00;E00;;;;;;;;;PARCELAS EM ATRASO;31/10/2025 00:00;93,94;18,9;0;478,38;31,04;21;2;GFT FILIAL - REPRES VENDA;23/07/2025 00:00;74
450807;1038;1527;6;22101495;928;TAB AUTOS REDUZ - WL 928;AUTOMOVEIS;33972,13;33972,13;3252;CREDITO AUTO 31;29/07/2025;29/07/2025;29/07/2025;29/07/2025;PE;ANDAMENTO;23/12/2025;003474;32723944000183;A B ALVES INVESTIMENTOS EM CREDITOS;3474;A B ALVES;18;SANDRO;1;0;0;344,15;53,52;265,05;10,64;14,94;0;23/12/2025 00:00;E00;;;;;;;;;PARCELAS EM ATRASO;23/12/2025 00:00;50,9;10,11;0;252,05;14,21;20;2;GFT - REPRESENTANTE;30/07/2025 00:00;64
451138;610;314;2;22101791;946;TAB IMOVEL L REDUZ ;IMOVEIS ;318355,97;318355,96;3394;CRÉDITO IMÓVEL 290;30/07/2025;30/07/2025;30/07/2025;31/07/2025;PB;ANDAMENTO;28/11/2025;003494;50957324000190;ALAN DE FIGUEIREDO TAVARES vendas 14;3479;ALAN FIGUEIREDO - GFT;18;SANDRO;1;0;0;1719;182,47;1368,53;33,15;134,85;0;28/11/2025 00:00;E00;;;;;;;;;PARCELAS EM ATRASO;28/11/2025 00:00;182,47;33,15;0;1368,55;134,85;21;2;GFT - REPRESENTANTE VENDA;01/08/2025 00:00;183
427921;903;999;1;22081081;943;TAB 1 SERVIÇO - WL;SERVIÇOS;25000;25000;9063;SERVIÇOS 25;28/03/2025;28/03/2025;28/03/2025;01/04/2025;CE;ANDAMENTO;28/11/2025;003045;17278571000195;GFT PROMOTORA DE VENDAS LTDA -VENDAS;3044;GFT PROMOTORA - GFT;18;SANDRO;5;0;0;519,34;451,58;35,93;20,83;11;0;28/11/2025 00:00;E00;;;;;;;;;PARCELAS EM ATRASO;28/11/2025 00:00;512,5;104,14;5,76;1925;55;17;5;GFT - WHITE LABEL;02/04/2025 00:00;60
427931;903;50;0;22081090;943;TAB 1 SERVIÇO - WL;SERVIÇOS;25000;25000;9063;SERVIÇOS 25;28/03/2025;28/03/2025;28/03/2025;01/04/2025;CE;ANDAMENTO;;003045;17278571000195;GFT PROMOTORA DE VENDAS LTDA -VENDAS;3044;GFT PROMOTORA - GFT;18;SANDRO;10;;;;;;;;;28/03/2025 00:00;N00;;;;;;;;;;;2421,32;208,29;0;2453,72;0;17;5;GFT - WHITE LABEL;02/04/2025 00:00;60
427933;903;51;0;22081092;943;TAB 1 SERVIÇO - WL;SERVIÇOS;25000;25000;9063;SERVIÇOS 25;28/03/2025;28/03/2025;28/03/2025;01/04/2025;CE;ANDAMENTO;;003045;17278571000195;GFT PROMOTORA DE VENDAS LTDA -VENDAS;3044;GFT PROMOTORA - GFT;18;SANDRO;10;;;;;;;;;28/03/2025 00:00;N00;;;;;;;;;;;2421,32;208,29;0;2453,72;0;17;5;GFT - WHITE LABEL;02/04/2025 00:00;60
427935;903;52;0;22081094;943;TAB 1 SERVIÇO - WL;SERVIÇOS;25000;25000;9063;SERVIÇOS 25;28/03/2025;28/03/2025;28/03/2025;01/04/2025;CE;ANDAMENTO;;003045;17278571000195;GFT PROMOTORA DE VENDAS LTDA -VENDAS;3044;GFT PROMOTORA - GFT;18;SANDRO;10;;;;;;;;;28/03/2025 00:00;N00;;;;;;;;;;;2421,32;208,29;0;2453,72;0;17;5;GFT - WHITE LABEL;02/04/2025 00:00;60
427986;903;73;0;22081145;943;TAB 1 SERVIÇO - WL;SERVIÇOS;25000;25000;9063;SERVIÇOS 25;28/03/2025;28/03/2025;28/03/2025;01/04/2025;MS;ANDAMENTO;;003045;17278571000195;GFT PROMOTORA DE VENDAS LTDA -VENDAS;3044;GFT PROMOTORA - GFT;18;SANDRO;8;2;62;519,34;451,58;35,93;20,83;11;0;13/01/2026 00:00;NN2;;;;;;;;;;;1518,16;166,63;4,24;2381,86;88;17;5;GFT - WHITE LABEL;02/04/2025 00:00;60
427998;903;78;0;22081157;943;TAB 1 SERVIÇO - WL;SERVIÇOS;25000;25000;9063;SERVIÇOS 25;28/03/2025;28/03/2025;28/03/2025;31/03/2025;CE;ANDAMENTO;;003044;17278571000195;GFT PROMOTORA DE VENDAS LTDA;3044;GFT PROMOTORA - GFT;18;SANDRO;10;;;;;;;;;28/03/2025 00:00;N00;;;;;;;;;;;2421,32;208,29;0;2453,72;110;17;5;GFT - WHITE LABEL;01/04/2025 00:00;60
428000;903;79;0;22081159;943;TAB 1 SERVIÇO - WL;SERVIÇOS;25000;25000;9063;SERVIÇOS 25;28/03/2025;28/03/2025;28/03/2025;31/03/2025;CE;ANDAMENTO;;003044;17278571000195;GFT PROMOTORA DE VENDAS LTDA;3044;GFT PROMOTORA - GFT;18;SANDRO;10;;;;;;;;;28/03/2025 00:00;N00;;;;;;;;;;;2421,32;208,29;0;2453,72;110;17;5;GFT - WHITE LABEL;01/04/2025 00:00;60
428006;903;85;0;22081165;943;TAB 1 SERVIÇO - WL;SERVIÇOS;25000;25000;9063;SERVIÇOS 25;28/03/2025;28/03/2025;28/03/2025;31/03/2025;CE;ANDAMENTO;;003044;17278571000195;GFT PROMOTORA DE VENDAS LTDA;3044;GFT PROMOTORA - GFT;18;SANDRO;10;;;;;;;;;12/08/2025 00:00;N00;;;;;;;;;;;2421,32;208,29;0;2453,72;110;17;5;GFT - WHITE LABEL;01/04/2025 00:00;60
428007;903;86;0;22081166;943;TAB 1 SERVIÇO - WL;SERVIÇOS;25000;25000;9063;SERVIÇOS 25;28/03/2025;28/03/2025;28/03/2025;31/03/2025;CE;ANDAMENTO;;003044;17278571000195;GFT PROMOTORA DE VENDAS LTDA;3044;GFT PROMOTORA - GFT;18;SANDRO;10;;;;;;;;;28/03/2025 00:00;N00;;;;;;;;;;;2421,32;208,29;0;2453,72;110;17;5;GFT - WHITE LABEL;01/04/2025 00:00;60
431590;610;2401;1;22084316;946;TAB IMOVEL L REDUZ ;IMOVEIS ;164666,88;164666,87;3380;CRÉDITO IMÓVEL 150;16/04/2025;16/04/2025;16/04/2025;16/04/2025;PI;ANDAMENTO;31/10/2025;003208;55098945000180;LIFEBANK INSTITUICAO DE PAGAMENTOS LTDA;3208;LIFEBANK - GFT;18;SANDRO;3;0;0;598,46;71,26;440,46;16,99;69,75;0;31/10/2025 00:00;E00;;;;;;;;;PARCELAS EM ATRASO;31/10/2025 00:00;213,78;50,97;3,17;1321,37;209,25;21;2;GFT - REPRESENTANTE;17/04/2025 00:00;186
432705;610;2467;1;22085305;946;TAB IMOVEL L REDUZ ;IMOVEIS ;164666,88;164666,87;3380;CRÉDITO IMÓVEL 150;24/04/2025;24/04/2025;24/04/2025;28/04/2025;PI;ANDAMENTO;30/09/2025;003208;55098945000180;LIFEBANK INSTITUICAO DE PAGAMENTOS LTDA;3208;LIFEBANK - GFT;18;SANDRO;2;0;0;599,4;71,26;441,4;16,99;69,75;0;30/09/2025 00:00;E00;;;;;;;;;PARCELAS EM ATRASO;30/09/2025 00:00;142,35;33,94;9,69;879,89;139,5;21;2;GFT - REPRESENTANTE;29/04/2025 00:00;186
432952;1046;302;0;22085520;928;TAB AUTOS REDUZ - WL 928;AUTOMOVEIS;46000;46000;3553;CREDITO AUTO 46;25/04/2025;25/04/2025;25/04/2025;28/04/2025;RO;ANDAMENTO;;003095;49552580000119;CAPITAL PRIME CORRETORA CONSORCIOS LTDA;3095;CAPITAL PRIME - GFT;18;SANDRO;9;;;;;;;;;21/10/2025 00:00;N00;;;;;;;;;;;208,62;49,68;2,75;2833,43;185,04;22;2;GFT - DISTRATO SUPORTE;29/04/2025 00:00;83
433203;1030;394;0;22085771;928;TAB AUTOS REDUZ - WL 928;AUTOMOVEIS;86042,21;86042,21;3145;CRÉDITO AUTO 75;27/04/2025;27/04/2025;27/04/2025;28/04/2025;PI;ANDAMENTO;;003208;55098945000180;LIFEBANK INSTITUICAO DE PAGAMENTOS LTDA;3208;LIFEBANK - GFT;18;SANDRO;6;1;26;1016,5;450,26;511,61;17,72;36,91;0;09/02/2026 00:00;NC1;;;;;;;;;;;45886,38;176,03;9,47;4419,99;295,28;17;2;GFT - REPRESENTANTE;29/04/2025 00:00;50
464947;1038;405;5;22113447;928;TAB AUTOS REDUZ - WL 928;AUTOMOVEIS;35068;35068;3253;CREDITO AUTO 32;01/10/2025;01/10/2025;01/10/2025;07/10/2025;BA;ANDAMENTO;30/01/2026;003131;01003229000142;INFINITE CORRETORA DE CREDITO vendas 02;3094;INFINITE CREDITO - GFT;18;SANDRO;1;0;0;366,09;65,82;273,52;11,33;15,42;0;30/01/2026 00:00;E00;;;;;;;;;PARCELAS EM ATRASO;30/01/2026 00:00;65,82;11,33;0;273,53;15,42;20;2;GFT FILIAL - REPRES VENDA;08/10/2025 00:00;62
466418;1040;553;0;22114791;928;TAB AUTOS REDUZ - WL 928;AUTOMOVEIS;63902,13;63902,13;3326;CREDITO AUTO 58;08/10/2025;08/10/2025;08/10/2025;09/10/2025;RO;ANDAMENTO;;003387;49552580000119;CAPITAL PRIME CORRETORA - VENDAS 1;3386;CAPITAL PRIME;18;SANDRO;2;2;62;647,21;100,65;498,46;20;28,1;0;13/01/2026 00:00;NN2;;;;;;;;;;;196,37;39,03;0;972,49;54,82;20;2;GFT FILIAL - REPRES VENDA;10/10/2025 00:00;64
466585;903;41;3;22114948;943;TAB 1 SERVIÇO - WL;SERVIÇOS;25000;25000;9063;SERVIÇOS 25;09/10/2025;09/10/2025;09/10/2025;09/10/2025;BA;ANDAMENTO;02/02/2026;003231;12345678909;GFT PROMOTORA DE VENDAS LTDA***vendas 75;3044;GFT PROMOTORA - GFT;18;SANDRO;1;0;0;575,84;156,68;385,01;23,15;11;0;02/02/2026 00:00;E00;;;;;;;;;SOLICITACAO CONSORCIADO;02/02/2026 12:06;141;23,15;0;400,68;11;17;5;GFT - VENDA;10/10/2025 00:00;54
466607;1040;495;0;22114970;928;TAB AUTOS REDUZ - WL 928;AUTOMOVEIS;69410,93;69410,93;3331;CREDITO AUTO 63;09/10/2025;09/10/2025;09/10/2025;09/10/2025;RO;ANDAMENTO;;003387;49552580000119;CAPITAL PRIME CORRETORA - VENDAS 1;3386;CAPITAL PRIME;18;SANDRO;4;;;;;;;;;09/10/2025 00:00;N00;;;;;;;;;;;431,97;85,85;0;2139,26;120,62;20;2;GFT FILIAL - REPRES VENDA;10/10/2025 00:00;64
468072;610;9321;0;22116356;946;TAB IMOVEL L REDUZ ;IMOVEIS ;263467;263467;3389;CRÉDITO IMÓVEL 240;17/10/2025;17/10/2025;17/10/2025;20/10/2025;RO;ANDAMENTO;;003387;49552580000119;CAPITAL PRIME CORRETORA - VENDAS 1;3386;CAPITAL PRIME;18;SANDRO;1;2;62;1489,75;158,08;1185,6;29,24;116,83;0;13/01/2026 00:00;SC2;;;;;;;;;;;151,01;27,94;0;1132,6;111,6;21;2;GFT FILIAL - REPRES VENDA;21/10/2025 00:00;180
470150;800;183;0;22118339;935;TAB PESADOS RED - WL GFT;CAMINHOES / ONIBUS;271246,63;271246,64;3022;CARTA DE CRÉDITO 200-CAMINHÃO;28/10/2025;28/10/2025;28/10/2025;28/10/2025;AM;ANDAMENTO;;003970;30866485000161;PAMELA MATIAS DA SILVA;3970;PAMELA - GFT ;18;SANDRO;1;2;62;1426,18;240,32;1139,21;46,65;0;0;13/01/2026 00:00;SC2;;;;;;;;;;;240,33;46,65;0;1139,23;0;18;2;GFT - REPRESENTANTE;29/10/2025 00:00;116
470592;1048;722;0;22118755;969;TAB AUTOS 71 A 84M RED ;AUTOMOVEIS;40000;40000;3594;CREDITO AUTO 40;30/10/2025;30/10/2025;30/10/2025;30/10/2025;AM;ANDAMENTO;;003970;30866485000161;PAMELA MATIAS DA SILVA;3970;PAMELA - GFT ;18;SANDRO;1;2;62;321,48;20,6;273,36;9,64;17,88;0;13/01/2026 00:00;SC2;;;;;;;;;;;20,6;9,64;0;273,36;17,88;22;2;GFT - REPRESENTANTE;31/10/2025 00:00;83
471164;800;63;0;22119309;935;TAB PESADOS RED - WL GFT;CAMINHOES / ONIBUS;257684,31;257684,31;3021;CARTA DE CRÉDITO 190-CAMINHÃO;03/11/2025;03/11/2025;03/11/2025;03/11/2025;PI;ANDAMENTO;;003208;55098945000180;LIFEBANK INSTITUICAO DE PAGAMENTOS LTDA;3208;LIFEBANK - GFT;18;SANDRO;3;0;0;37,94;0;0;0;0;37,94;05/02/2026 00:00;N00;;;;;;;;;;;684,93;132,96;0;3246,83;0;18;2;GFT - REPRESENTANTE;04/11/2025 00:00;116
471512;608;431;0;22119651;780;IMOVEL LINEAR - RED ;IMOVEIS ;116606,29;116606,29;3065;CARTA DE CREDITO 85 - IMOVEL;04/11/2025;04/11/2025;04/11/2025;05/11/2025;MS;ANDAMENTO;;004002;30679749000178;D C BARROS LTDA;402;D C BARROS;18;SANDRO;4;;;;;;;;;04/11/2025 00:00;N00;;;;;;;;;;;604,49;65,28;0;1352,6;51,28;20;2;GFT - REPRESENTANTE;06/11/2025 00:00;143
471560;610;9554;0;22119699;710;TAB IMOVEL LINEAR C/ ESTORNO;IMOVEIS ;318355,97;318355,96;3394;CRÉDITO IMÓVEL 290;05/11/2025;05/11/2025;05/11/2025;06/11/2025;CE;ANDAMENTO;;003044;17278571000195;GFT PROMOTORA DE VENDAS LTDA;3044;GFT PROMOTORA - GFT;18;SANDRO;3;;;;;;;;;05/11/2025 00:00;N00;;;;;;;;;;;679,28;104,44;0;5644,96;0;21;2;GFT - WHITE LABEL;07/11/2025 00:00;180
473220;314;272;0;22121301;62;TAB 1 MOTO - TOTAL;MOTOCICLETAS;15000;15000;9101;CARTA DE CRÉDITO - MOTO 15;12/11/2025;12/11/2025;12/11/2025;12/11/2025;AM;ANDAMENTO;;003970;30866485000161;PAMELA MATIAS DA SILVA;3970;PAMELA - GFT ;18;SANDRO;1;1;26;247,83;25,5;202,5;3,57;16,26;0;16/01/2026 00:00;NN1;;;;;;;;;;;25,5;3,57;0;202,5;16,26;25;2;GFT - REPRESENTANTE;13/11/2025 00:00;84
473407;1033;65;0;22121469;928;TAB AUTOS REDUZ - WL 928;AUTOMOVEIS;50059,58;50059,58;3174;CRÉDITO AUTO 44;13/11/2025;13/11/2025;13/11/2025;14/11/2025;PE;ANDAMENTO;;003094;01003229000142;INFINITE CORRETORA DE CREDITO LTDA;3094;INFINITE CREDITO - GFT;18;SANDRO;1;1;29;694,48;260,31;390,46;22,23;21,48;0;13/01/2026 00:00;NN1;;;;;;;;;;;260,31;22,23;0;390,46;21,48;17;2;GFT FILIAL-REPRESENTANTE;17/11/2025 00:00;45
437476;1046;2407;1;22089714;912;TAB AUTOS - WL 912/913;AUTOMOVEIS;50000;50000;3555;CREDITO AUTO 50;21/05/2025;21/05/2025;21/05/2025;22/05/2025;GO;ANDAMENTO;31/10/2025;003332;20000772000130;MGSSILVA CONSULTORIA E SERVICOS ;3332;MGSSILVA CONSULTORIA - GFT;18;SANDRO;2;0;0;756,1;58,9;685;12,2;0;0;31/10/2025 00:00;E00;;;;;;;;;PARCELAS EM ATRASO;31/10/2025 00:00;117,8;24,4;0,25;1370;0;22;2;GFT FILIAL-REPRESENTANTE;23/05/2025 00:00;82
437921;610;2741;1;22090145;946;TAB IMOVEL L REDUZ ;IMOVEIS ;219555,83;219555,83;3385;CRÉDITO IMÓVEL 200;23/05/2025;23/05/2025;23/05/2025;23/05/2025;RO;ANDAMENTO;30/09/2025;003095;49552580000119;CAPITAL PRIME CORRETORA CONSORCIOS LTDA;3095;CAPITAL PRIME - GFT;18;SANDRO;1;0;0;1092,29;125,84;943,8;22,65;0;0;30/09/2025 00:00;E00;;;;;;;;;PARCELAS EM ATRASO;30/09/2025 00:00;125,85;22,65;0;943,82;0;21;2;GFT - DISTRATO SUPORTE;26/05/2025 00:00;185
439001;1044;1471;2;22091086;928;TAB AUTOS REDUZ - WL 928;AUTOMOVEIS;104000;104000;3528;CREDITO AUTO 100;29/05/2025;29/05/2025;29/05/2025;29/05/2025;RO;ANDAMENTO;30/09/2025;003386;49552580000119;CAPITAL PRIME CORRETORA CONSORCIOS LTDA;3386;CAPITAL PRIME;18;SANDRO;1;0;0;811,7;102,3;683,4;26;0;0;30/09/2025 00:00;E00;;;;;;;;;PARCELAS EM ATRASO;30/09/2025 00:00;102,3;26;0;683,4;0;21;2;GFT FILIAL-REPRESENTANTE;30/05/2025 00:00;77
439048;1044;1554;3;22091126;928;TAB AUTOS REDUZ - WL 928;AUTOMOVEIS;104000;104000;3528;CREDITO AUTO 100;29/05/2025;29/05/2025;29/05/2025;30/05/2025;RO;ANDAMENTO;30/09/2025;003388;49552580000119;CAPITAL PRIME CORRETORA - VENDAS 2;3386;CAPITAL PRIME;18;SANDRO;1;0;0;856,04;102,3;683,4;26;44,34;0;30/09/2025 00:00;E00;;;;;;;;;PARCELAS EM ATRASO;30/09/2025 00:00;102,3;26;0;683,4;44,34;21;2;GFT FILIAL - REPRES VENDA;02/06/2025 00:00;77
442469;608;6;10;22094188;937;TAB IMOVEL WL - 937 RED;IMOVEIS ;96028,72;96028,72;3062;CARTA DE CREDITO 70 - IMOVEL;16/06/2025;16/06/2025;16/06/2025;17/06/2025;PE;ANDAMENTO;31/10/2025;003389;49552580000119;CAPITAL PRIME CORRETORA - VENDAS 3;3386;CAPITAL PRIME;18;SANDRO;1;0;0;443,82;55,12;333,41;13,06;42,23;0;31/10/2025 00:00;E00;;;;;;;;;PARCELAS EM ATRASO;31/10/2025 00:00;91,26;12,41;0;752,86;40,14;20;2;GFT FILIAL - REPRES VENDA;18/06/2025 00:00;147
443220;1046;2559;1;22094884;689;TAB AUTO WL RED FUNCIONARIO;AUTOMOVEIS;40000;40000;3550;CREDITO AUTO 40;20/06/2025;20/06/2025;20/06/2025;20/06/2025;AM;ANDAMENTO;30/12/2025;003044;17278571000195;GFT PROMOTORA DE VENDAS LTDA;3044;GFT PROMOTORA - GFT;18;SANDRO;4;0;0;299,36;113,16;160;9,76;16,44;0;30/12/2025 00:00;E00;;;;;;;;;PARCELAS EM ATRASO;30/12/2025 00:00;452,64;39,04;0,75;640;65,76;12;2;GFT - WHITE LABEL;23/06/2025 00:00;82
443548;610;8265;1;22095194;688;TAB IMOVEL RED WL FUNCIONARIO;IMOVEIS ;164666,88;164666,87;3380;CRÉDITO IMÓVEL 150;23/06/2025;23/06/2025;23/06/2025;23/06/2025;AM;ANDAMENTO;31/10/2025;003044;17278571000195;GFT PROMOTORA DE VENDAS LTDA;3044;GFT PROMOTORA - GFT;18;SANDRO;1;0;0;579,9;212,68;283,15;17,15;66,92;0;31/10/2025 00:00;E00;;;;;;;;;PARCELAS EM ATRASO;31/10/2025 00:00;212,68;17,15;0;283,15;66,92;16;2;GFT - WHITE LABEL;30/06/2025 00:00;184
443666;1046;340;0;22095291;689;TAB AUTO WL RED FUNCIONARIO;AUTOMOVEIS;40000;40000;3550;CREDITO AUTO 40;23/06/2025;23/06/2025;23/06/2025;24/06/2025;RN;ANDAMENTO;;003044;17278571000195;GFT PROMOTORA DE VENDAS LTDA;3044;GFT PROMOTORA - GFT;18;SANDRO;7;0;0;302,88;116,56;160;9,88;16,44;0;09/02/2026 00:00;N00;;;;;;;;;;;815,9;69,17;0,39;1119,98;115,08;12;2;GFT - WHITE LABEL;25/06/2025 00:00;81
443681;610;8276;0;22095306;688;TAB IMOVEL RED WL FUNCIONARIO;IMOVEIS ;329333,75;329333,75;3395;CRÉDITO IMÓVEL 300;23/06/2025;23/06/2025;23/06/2025;24/06/2025;PE;ANDAMENTO;;003044;17278571000195;GFT PROMOTORA DE VENDAS LTDA;3044;GFT PROMOTORA - GFT;18;SANDRO;7;;;;;;;;;15/01/2026 00:00;N00;;;;;;;;;;;3018,59;243,43;1,75;4018,51;949,35;16;2;GFT - WHITE LABEL;25/06/2025 00:00;184
445608;1038;425;6;22096994;928;TAB AUTOS REDUZ - WL 928;AUTOMOVEIS;27396,88;27396,88;3246;CREDITO AUTO 25;03/07/2025;03/07/2025;03/07/2025;04/07/2025;PE;ANDAMENTO;28/11/2025;003387;49552580000119;CAPITAL PRIME CORRETORA - VENDAS 1;3386;CAPITAL PRIME;18;SANDRO;2;0;0;273,36;39,2;213,67;8,44;12,05;0;28/11/2025 00:00;E00;;;;;;;;;PARCELAS EM ATRASO;28/11/2025 00:00;74,58;16,06;0,66;406,53;22,92;20;2;GFT FILIAL - REPRES VENDA;07/07/2025 00:00;65
446601;1034;101;8;22097923;928;TAB AUTOS REDUZ - WL 928;AUTOMOVEIS;28319,05;28319,05;3183;CRÉDITO AUTO 25;08/07/2025;08/07/2025;08/07/2025;09/07/2025;RO;ANDAMENTO;04/09/2025;003388;49552580000119;CAPITAL PRIME CORRETORA - VENDAS 2;3386;CAPITAL PRIME;18;SANDRO;1;0;0;359,88;103,96;232,1;11,67;12,15;0;04/09/2025 00:00;E00;;;;;;;;;SOLICITACAO CONSORCIADO;04/09/2025 00:00;98,68;10,54;0;209,67;11,53;17;2;GFT FILIAL - REPRES VENDA;10/07/2025 00:00;51
475226;608;960;0;22123193;780;IMOVEL LINEAR - RED ;IMOVEIS ;116606,29;116606,29;3065;CARTA DE CREDITO 85 - IMOVEL;22/11/2025;22/11/2025;22/11/2025;24/11/2025;RR;ANDAMENTO;;004002;30679749000178;D C BARROS LTDA;402;D C BARROS;18;SANDRO;2;;;;;;;;;22/11/2025 00:00;N00;;;;;;;;;;;309;32,88;0;676,31;102,56;20;2;GFT - REPRESENTANTE;25/11/2025 00:00;142
475482;314;367;0;22123444;963;TAB MOTO 71 A 84M ;MOTOCICLETAS;30000;30000;9116;CARTA DE CRÉDITO - MOTO 30;24/11/2025;24/11/2025;24/11/2025;24/11/2025;AM;ANDAMENTO;;003970;30866485000161;PAMELA MATIAS DA SILVA;3970;PAMELA - GFT ;18;SANDRO;1;1;26;486,26;51;405;7,14;23,12;0;16/01/2026 00:00;NN1;;;;;;;;;;;51;7,14;0;405;23,12;25;2;GFT - REPRESENTANTE;25/11/2025 00:00;84
475518;1041;84;0;22123480;964;TAB AUTOS  ATÉ 70M;AUTOMOVEIS;52693,4;52693,4;3347;CREDITO AUTO 48;24/11/2025;24/11/2025;24/11/2025;24/11/2025;AM;ANDAMENTO;;003970;30866485000161;PAMELA MATIAS DA SILVA;3970;PAMELA - GFT ;18;SANDRO;3;;;;;;;;;24/11/2025 00:00;N00;;;;;;;;;;;576,68;50,1;0;2434,45;117,41;20;2;GFT - REPRESENTANTE;25/11/2025 00:00;63
476225;1048;820;0;22124152;928;TAB AUTOS REDUZ - WL 928;AUTOMOVEIS;30000;30000;3592;CREDITO AUTO 30;27/11/2025;27/11/2025;27/11/2025;27/11/2025;BA;ANDAMENTO;;003094;01003229000142;INFINITE CORRETORA DE CREDITO LTDA;3094;INFINITE CREDITO - GFT;18;SANDRO;2;;;;;;;;;27/11/2025 00:00;N00;;;;;;;;;;;35,64;14,64;0;410,7;26,82;22;2;GFT FILIAL-REPRESENTANTE;28/11/2025 00:00;82
476466;610;9956;0;22124387;780;IMOVEL LINEAR - RED ;IMOVEIS ;263467;263467;3389;CRÉDITO IMÓVEL 240;08/12/2025;08/12/2025;28/11/2025;08/12/2025;SP;ANDAMENTO;;003478;70182571000170;PORTAL NEGOCIOS E SOLUCOES CORRETORA DE ;3478;PORTAL;18;SANDRO;1;1;29;920;126,46;764,03;29,51;0;0;13/01/2026 00:00;NN1;;;;;;;;;;;126,46;29,51;0;764,03;116,83;21;2;GFT FILIAL-REPRESENTANTE;09/12/2025 00:00;179
476474;610;9957;0;22124395;688;TAB IMOVEL RED WL FUNCIONARIO;IMOVEIS ;219555,83;219555,83;3385;CRÉDITO IMÓVEL 200;28/11/2025;28/11/2025;28/11/2025;28/11/2025;BA;ANDAMENTO;;003044;17278571000195;GFT PROMOTORA DE VENDAS LTDA;3044;GFT PROMOTORA - GFT;18;SANDRO;3;;;;;;;;;28/11/2025 00:00;N00;;;;;;;;;;;948,4;73,77;0;1185,49;276,02;16;2;GFT - WHITE LABEL;01/12/2025 00:00;179
476578;1040;127;0;22124478;503;TAB 1 AUTO P - REDUZIDA;AUTOMOVEIS;62800,37;62800,37;3325;CREDITO AUTO 57;28/11/2025;28/11/2025;28/11/2025;28/11/2025;BA;ANDAMENTO;;004027;26463423000131;JONE RIVES RAMOS ALECRIM vendas 1;3044;GFT PROMOTORA - GFT;18;SANDRO;1;1;29;655,65;124,16;483,58;20,29;27,62;0;13/01/2026 00:00;NN1;;;;;;;;;;;124,16;20,28;0;483,56;27,62;20;2;GFT - REPRESENTANTE VENDA;01/12/2025 00:00;62
476615;1048;1039;0;22124513;689;TAB AUTO WL RED FUNCIONARIO;AUTOMOVEIS;55000;55000;3597;CREDITO AUTO 55;28/11/2025;28/11/2025;28/11/2025;28/11/2025;RO;ANDAMENTO;;003044;17278571000195;GFT PROMOTORA DE VENDAS LTDA;3044;GFT PROMOTORA - GFT;18;SANDRO;3;;;;;;;;;28/11/2025 00:00;N00;;;;;;;;;;;466,8;40,26;0;660,02;67,8;12;2;GFT - WHITE LABEL;01/12/2025 00:00;82
476679;1048;1068;0;22124573;969;TAB AUTOS 71 A 84M RED ;AUTOMOVEIS;60000;60000;3598;CREDITO AUTO 60;28/11/2025;28/11/2025;28/11/2025;01/12/2025;SP;ANDAMENTO;;003812;12345678909;GFT PROMOTORA DE VENDAS LTDA*vendas 193;3044;GFT PROMOTORA - GFT;18;SANDRO;2;;;;;;;;;28/11/2025 00:00;N00;;;;;;;;;;;72,6;29,28;0;820,08;53,64;22;2;GFT - VENDA;02/12/2025 00:00;82
476726;1048;1114;0;22124620;689;TAB AUTO WL RED FUNCIONARIO;AUTOMOVEIS;40000;40000;3594;CREDITO AUTO 40;28/11/2025;28/11/2025;28/11/2025;28/11/2025;SP;ANDAMENTO;;003044;17278571000195;GFT PROMOTORA DE VENDAS LTDA;3044;GFT PROMOTORA - GFT;18;SANDRO;2;;;;;;;;;28/11/2025 00:00;N00;;;;;;;;;;;226,32;19,52;0;320;32,88;12;2;GFT - WHITE LABEL;01/12/2025 00:00;82
477618;1048;1577;0;22125504;928;TAB AUTOS REDUZ - WL 928;AUTOMOVEIS;30000;30000;3592;CREDITO AUTO 30;03/12/2025;03/12/2025;03/12/2025;03/12/2025;PE;ANDAMENTO;;003094;01003229000142;INFINITE CORRETORA DE CREDITO LTDA;3094;INFINITE CREDITO - GFT;18;SANDRO;2;;;;;;;;;03/12/2025 00:00;N00;;;;;;;;;;;35,64;14,64;0;410,7;26,82;22;2;GFT FILIAL-REPRESENTANTE;04/12/2025 00:00;82
478201;1039;276;0;22126053;928;TAB AUTOS REDUZ - WL 928;AUTOMOVEIS;35141,92;35141,92;3274;CREDITO AUTO 32;05/12/2025;05/12/2025;05/12/2025;08/12/2025;BA;ANDAMENTO;;003094;01003229000142;INFINITE CORRETORA DE CREDITO LTDA;3094;INFINITE CREDITO - GFT;18;SANDRO;2;0;0;372,65;71,55;274,11;11,53;15,46;0;06/02/2026 00:00;N00;;;;;;;;;;;143,1;23,06;2,86;548,22;30,92;20;2;GFT FILIAL-REPRESENTANTE;09/12/2025 00:00;61
478370;1030;918;0;22126222;381;AUTO TAB. 1 - PRESTAMISTA;AUTOMOVEIS;91778,36;91778,36;3146;CRÉDITO AUTO 80;06/12/2025;06/12/2025;06/12/2025;06/12/2025;AM;ANDAMENTO;;003970;30866485000161;PAMELA MATIAS DA SILVA;3970;PAMELA - GFT ;18;SANDRO;1;1;26;1488;156,02;1238,98;22,67;70,33;0;16/01/2026 00:00;NN1;;;;;;;;;;;156,02;22,67;0;1239,01;70,33;22;2;GFT - REPRESENTANTE;09/12/2025 00:00;81
456187;610;8470;1;22105443;946;TAB IMOVEL L REDUZ ;IMOVEIS ;263467;263467;3389;CRÉDITO IMÓVEL 240;19/08/2025;19/08/2025;19/08/2025;19/08/2025;PE;ANDAMENTO;30/12/2025;003478;70182571000170;PORTAL NEGOCIOS E SOLUCOES CORRETORA DE ;3478;PORTAL;18;SANDRO;1;0;0;1489,49;158,08;1185,6;28,98;116,83;0;30/12/2025 00:00;E00;;;;;;;;;PARCELAS EM ATRASO;30/12/2025 00:00;151,01;27,69;0;1132,6;111,6;21;2;GFT FILIAL-REPRESENTANTE;20/08/2025 00:00;182
458213;800;11;8;22107301;935;TAB PESADOS RED - WL GFT;CAMINHOES / ONIBUS;230559,64;230559,64;3019;CARTA DE CRÉDITO 170-CAMINHÃO;29/08/2025;29/08/2025;29/08/2025;29/08/2025;PE;ANDAMENTO;30/12/2025;003337;59829479000116;BR SOLUCOES FINANCEIRAS LTDA;3337;BR SOLUCOES FINANCEIRAS LTDA;18;SANDRO;1;0;0;1191,78;184,45;968,36;38,97;0;0;30/12/2025 00:00;E00;;;;;;;;;PARCELAS EM ATRASO;30/12/2025 00:00;184,45;38,96;0;968,35;0;18;2;GFT - REPRESENTANTE;01/09/2025 00:00;118
459737;1043;232;2;22108700;928;TAB AUTOS REDUZ - WL 928;AUTOMOVEIS;78000;78000;3472;CREDITO AUTO 75;05/09/2025;05/09/2025;05/09/2025;10/09/2025;PE;ANDAMENTO;30/12/2025;003094;01003229000142;INFINITE CORRETORA DE CREDITO LTDA;3094;INFINITE CREDITO - GFT;18;SANDRO;1;0;0;733,06;122,38;553,55;22,54;34,59;0;30/12/2025 00:00;E00;;;;;;;;;PARCELAS EM ATRASO;30/12/2025 00:00;117,68;20,85;0;512,55;33,26;21;2;GFT FILIAL-REPRESENTANTE;11/09/2025 00:00;72
459748;1044;905;0;22108711;928;TAB AUTOS REDUZ - WL 928;AUTOMOVEIS;94640;94640;3519;CREDITO AUTO 91;05/09/2025;05/09/2025;05/09/2025;10/09/2025;PE;ANDAMENTO;;003094;01003229000142;INFINITE CORRETORA DE CREDITO LTDA;3094;INFINITE CREDITO - GFT;18;SANDRO;4;1;29;841,32;127,01;646,79;25,55;41,97;0;16/01/2026 00:00;SC1;;;;;;;;;;;498,41;100,28;4,26;2538,14;164,64;21;2;GFT FILIAL-REPRESENTANTE;11/09/2025 00:00;74
462920;1038;304;0;22111685;928;TAB AUTOS REDUZ - WL 928;AUTOMOVEIS;30684,5;30684,5;3249;CREDITO AUTO 28;22/09/2025;22/09/2025;22/09/2025;26/09/2025;BA;ANDAMENTO;;003094;01003229000142;INFINITE CORRETORA DE CREDITO LTDA;3094;INFINITE CREDITO - GFT;18;SANDRO;2;2;62;320,32;57,59;239,32;9,91;13,5;0;13/01/2026 00:00;NN2;;;;;;;;;;;115,18;19,82;0;478,66;27;20;2;GFT FILIAL-REPRESENTANTE;29/09/2025 00:00;62
463381;1046;2827;0;22112106;928;TAB AUTOS REDUZ - WL 928;AUTOMOVEIS;40000;40000;3550;CREDITO AUTO 40;24/09/2025;24/09/2025;24/09/2025;25/09/2025;CE;ANDAMENTO;;003224;12345678909;GFT PROMOTORA DE VENDAS LTDA***vendas 68;3044;GFT PROMOTORA - GFT;18;SANDRO;5;;;;;;;;;14/01/2026 00:00;N00;;;;;;;;;;;184,4;51,21;0,22;1366,77;88,7;21;2;GFT - VENDA;26/09/2025 00:00;78
463728;1046;564;0;22112410;928;TAB AUTOS REDUZ - WL 928;AUTOMOVEIS;60000;60000;3560;CREDITO AUTO 60;26/09/2025;26/09/2025;26/09/2025;26/09/2025;BA;ANDAMENTO;;003130;01003229000142;INFINITE CORRETORA DE CREDITO vendas 01;3094;INFINITE CREDITO - GFT;18;SANDRO;5;;;;;;;;;26/09/2025 00:00;N00;;;;;;;;;;;276,6;76,8;0;2050,2;133,05;21;2;GFT FILIAL - REPRES VENDA;29/09/2025 00:00;78
464790;610;9043;0;22113305;946;TAB IMOVEL L REDUZ ;IMOVEIS ;263467;263467;3389;CRÉDITO IMÓVEL 240;30/09/2025;30/09/2025;30/09/2025;01/10/2025;RO;ANDAMENTO;;003338;39339901000148;J.C.CONSORCIO LTDA;3338;J.C.CONSORCIO;18;SANDRO;3;0;0;1372,66;158,08;1185,6;28,98;0;0;03/02/2026 00:00;N00;;;;;;;;;;;467,17;85,65;0;3503,8;0;21;2;GFT FILIAL-REPRESENTANTE;02/10/2025 00:00;181
464791;610;9044;0;22113306;946;TAB IMOVEL L REDUZ ;IMOVEIS ;263467;263467;3389;CRÉDITO IMÓVEL 240;30/09/2025;30/09/2025;30/09/2025;01/10/2025;RO;ANDAMENTO;;003338;39339901000148;J.C.CONSORCIO LTDA;3338;J.C.CONSORCIO;18;SANDRO;3;0;0;103,86;0;0;0;0;103,86;03/02/2026 00:00;N00;;;;;;;;;;;467,17;85,65;0;3503,8;0;21;2;GFT FILIAL-REPRESENTANTE;02/10/2025 00:00;181
464978;1046;20;3;22113478;928;TAB AUTOS REDUZ - WL 928;AUTOMOVEIS;60000;60000;3560;CREDITO AUTO 60;01/10/2025;01/10/2025;01/10/2025;07/10/2025;PE;ANDAMENTO;30/01/2026;003131;01003229000142;INFINITE CORRETORA DE CREDITO vendas 02;3094;INFINITE CREDITO - GFT;18;SANDRO;1;0;0;507,33;55,32;410,04;15,36;26,61;0;30/01/2026 00:00;E00;;;;;;;;;PARCELAS EM ATRASO;30/01/2026 00:00;55,32;15,36;0;410,04;26,61;21;2;GFT FILIAL - REPRES VENDA;08/10/2025 00:00;78
466026;608;642;0;22114422;937;TAB IMOVEL WL - 937 RED;IMOVEIS ;102887,91;102887,91;3063;CARTA DE CREDITO 75 - IMOVEL;07/10/2025;07/10/2025;07/10/2025;09/10/2025;RO;ANDAMENTO;;003387;49552580000119;CAPITAL PRIME CORRETORA - VENDAS 1;3386;CAPITAL PRIME;18;SANDRO;4;;;;;;;;;07/10/2025 00:00;N00;;;;;;;;;;;306,29;57,2;0;1920,46;181;20;2;GFT FILIAL - REPRES VENDA;10/10/2025 00:00;144
466151;1044;443;0;22114537;928;TAB AUTOS REDUZ - WL 928;AUTOMOVEIS;104000;104000;3528;CREDITO AUTO 100;07/10/2025;07/10/2025;07/10/2025;13/10/2025;PE;ANDAMENTO;;003131;01003229000142;INFINITE CORRETORA DE CREDITO vendas 02;3094;INFINITE CREDITO - GFT;18;SANDRO;5;;;;;;;;;07/10/2025 00:00;N00;;;;;;;;;;;750,28;141,4;0;3526,4;228,82;21;2;GFT FILIAL - REPRES VENDA;14/10/2025 00:00;73
458105;1038;1902;4;22107199;928;TAB AUTOS REDUZ - WL 928;AUTOMOVEIS;27396,88;27396,88;3246;CREDITO AUTO 25;29/08/2025;29/08/2025;29/08/2025;29/08/2025;RO;ANDAMENTO;30/12/2025;003387;49552580000119;CAPITAL PRIME CORRETORA - VENDAS 1;3386;CAPITAL PRIME;18;SANDRO;1;0;0;281,65;47,23;213,69;8,68;12,05;0;30/12/2025 00:00;E00;;;;;;;;;PARCELAS EM ATRASO;30/12/2025 00:00;44,93;8,26;0;203,27;11,46;20;2;GFT FILIAL - REPRES VENDA;01/09/2025 00:00;63
459014;1027;71;9;22108012;928;TAB AUTOS REDUZ - WL 928;AUTOMOVEIS;112776,8;112776,8;1788;CRÉDITO AUTO 88;02/09/2025;02/09/2025;02/09/2025;03/09/2025;BA;ANDAMENTO;30/12/2025;003388;49552580000119;CAPITAL PRIME CORRETORA - VENDAS 2;3386;CAPITAL PRIME;18;SANDRO;1;0;0;1672,93;691,21;879,66;53,68;48,38;0;30/12/2025 00:00;E00;;;;;;;;;PARCELAS EM ATRASO;30/12/2025 00:00;691,21;53,68;0;879,66;48,38;17;2;GFT FILIAL - REPRES VENDA;04/09/2025 00:00;42
459452;311;645;0;22108428;944;TAB 1 MOTO - WL;MOTOCICLETAS;16820,8;16820,8;9048;CARTA DE CRÉDITO - MOTO16;04/09/2025;04/09/2025;04/09/2025;05/09/2025;CE;ANDAMENTO;;003224;12345678909;GFT PROMOTORA DE VENDAS LTDA***vendas 68;3044;GFT PROMOTORA - GFT;18;SANDRO;6;;;;;;;;;04/09/2025 00:00;N00;;;;;;;;;;;369,47;28,07;0;1382,65;102,17;25;2;GFT - VENDA;08/09/2025 00:00;72
459459;800;136;4;22108435;918;TAB PESADOS ;CAMINHOES / ONIBUS;203434,98;203434,98;3042;CARTA DE CRÉDITO 150-CAMINHÃO;04/09/2025;04/09/2025;04/09/2025;09/09/2025;PR;ANDAMENTO;30/01/2026;003199;38058482000103;GF SILVEIRA REPRESENTACOES FIN VENDAS 02;3194;GF SILVEIRA - GFT;18;SANDRO;2;0;0;2123,26;217,27;1871,61;34,38;0;0;30/01/2026 00:00;E00;;;;;;;;;PARCELAS EM ATRASO;30/01/2026 00:00;434,54;68,76;3,54;3743,21;0;18;2;GFT FILIAL - REPRES VENDA;10/09/2025 00:00;118
460168;1038;1931;0;22109112;928;TAB AUTOS REDUZ - WL 928;AUTOMOVEIS;27396,88;27396,88;3246;CREDITO AUTO 25;08/09/2025;08/09/2025;08/09/2025;12/09/2025;RO;ANDAMENTO;;003387;49552580000119;CAPITAL PRIME CORRETORA - VENDAS 1;3386;CAPITAL PRIME;18;SANDRO;6;;;;;;;;;12/11/2025 00:00;N00;;;;;;;;;;;281,08;51,66;0,09;1271,72;71,71;20;2;GFT FILIAL - REPRES VENDA;15/09/2025 00:00;63
460587;1043;343;3;22109500;928;TAB AUTOS REDUZ - WL 928;AUTOMOVEIS;41600;41600;3437;CREDITO AUTO 40;10/09/2025;10/09/2025;10/09/2025;12/09/2025;RO;ANDAMENTO;23/12/2025;003387;49552580000119;CAPITAL PRIME CORRETORA - VENDAS 1;3386;CAPITAL PRIME;18;SANDRO;1;0;0;390,97;65,27;295,23;12,02;18,45;0;23/12/2025 00:00;E00;;;;;;;;;PARCELAS EM ATRASO;23/12/2025 00:00;62,76;11,12;0;273,36;17,74;21;2;GFT FILIAL - REPRES VENDA;15/09/2025 00:00;72
460679;1044;437;2;22109587;928;TAB AUTOS REDUZ - WL 928;AUTOMOVEIS;104000;104000;3528;CREDITO AUTO 100;10/09/2025;10/09/2025;10/09/2025;10/09/2025;CE;ANDAMENTO;23/12/2025;003045;17278571000195;GFT PROMOTORA DE VENDAS LTDA -VENDAS;3044;GFT PROMOTORA - GFT;18;SANDRO;1;0;0;924,52;139,57;710,75;28,08;46,12;0;23/12/2025 00:00;E00;;;;;;;;;PARCELAS EM ATRASO;23/12/2025 00:00;134,2;27;0;683,4;44,34;21;2;GFT - WHITE LABEL;11/09/2025 00:00;74
463161;1046;1929;2;22111916;928;TAB AUTOS REDUZ - WL 928;AUTOMOVEIS;40000;40000;3550;CREDITO AUTO 40;23/09/2025;23/09/2025;23/09/2025;25/09/2025;PE;ANDAMENTO;30/01/2026;003094;01003229000142;INFINITE CORRETORA DE CREDITO LTDA;3094;INFINITE CREDITO - GFT;18;SANDRO;1;0;0;338,22;36,88;273,36;10,24;17,74;0;30/01/2026 00:00;E00;;;;;;;;;PARCELAS EM ATRASO;30/01/2026 00:00;36,88;10,24;0;273,36;17,74;21;2;GFT FILIAL-REPRESENTANTE;26/09/2025 00:00;78
463329;1045;1309;0;22112061;928;TAB AUTOS REDUZ - WL 928;AUTOMOVEIS;62676;62676;3539;CREDITO AUTO 60;24/09/2025;24/09/2025;24/09/2025;26/09/2025;PE;ANDAMENTO;;003094;01003229000142;INFINITE CORRETORA DE CREDITO LTDA;3094;INFINITE CREDITO - GFT;18;SANDRO;1;;;;;;;;;07/10/2025 00:00;NCP;;;;;;;;;;;73,98;16,02;0;410,04;26,61;21;2;GFT FILIAL-REPRESENTANTE;29/09/2025 00:00;75
463635;1038;844;6;22112339;928;TAB AUTOS REDUZ - WL 928;AUTOMOVEIS;30684,5;30684,5;3249;CREDITO AUTO 28;25/09/2025;25/09/2025;25/09/2025;26/09/2025;PE;ANDAMENTO;30/01/2026;003131;01003229000142;INFINITE CORRETORA DE CREDITO vendas 02;3094;INFINITE CREDITO - GFT;18;SANDRO;1;0;0;320,32;57,59;239,32;9,91;13,5;0;30/01/2026 00:00;E00;;;;;;;;;PARCELAS EM ATRASO;30/01/2026 00:00;57,59;9,91;0;239,34;13,5;20;2;GFT FILIAL - REPRES VENDA;29/09/2025 00:00;62
464478;1039;260;0;22112920;928;TAB AUTOS REDUZ - WL 928;AUTOMOVEIS;37338,3;37338,3;3276;CREDITO AUTO 34;30/09/2025;30/09/2025;30/09/2025;30/09/2025;PE;ANDAMENTO;;003130;01003229000142;INFINITE CORRETORA DE CREDITO vendas 01;3094;INFINITE CREDITO - GFT;18;SANDRO;5;;;;;;;;;23/01/2026 00:00;N00;;;;;;;;;;;314,44;57,82;1,1;1422,58;81,29;20;2;GFT FILIAL - REPRES VENDA;01/10/2025 00:00;63
464793;610;9046;0;22113308;946;TAB IMOVEL L REDUZ ;IMOVEIS ;263467;263467;3389;CRÉDITO IMÓVEL 240;30/09/2025;30/09/2025;30/09/2025;01/10/2025;RO;ANDAMENTO;;003338;39339901000148;J.C.CONSORCIO LTDA;3338;J.C.CONSORCIO;18;SANDRO;3;0;0;103,86;0;0;0;0;103,86;03/02/2026 00:00;N00;;;;;;;;;;;467,17;85,65;0;3503,8;0;21;2;GFT FILIAL-REPRESENTANTE;02/10/2025 00:00;181
473521;1041;573;0;22121572;928;TAB AUTOS REDUZ - WL 928;AUTOMOVEIS;79040,1;79040,1;3371;CREDITO AUTO 72;13/11/2025;13/11/2025;13/11/2025;14/11/2025;BA;ANDAMENTO;;003094;01003229000142;INFINITE CORRETORA DE CREDITO LTDA;3094;INFINITE CREDITO - GFT;18;SANDRO;1;2;62;800,51;124,49;616,52;24,74;34,76;0;13/01/2026 00:00;NN2;;;;;;;;;;;118,92;23,63;0;588,95;33,21;20;2;GFT FILIAL-REPRESENTANTE;17/11/2025 00:00;64
474476;1048;1413;0;22122469;381;AUTO TAB. 1 - PRESTAMISTA;AUTOMOVEIS;40000;40000;3594;CREDITO AUTO 40;18/11/2025;18/11/2025;18/11/2025;18/11/2025;AM;ANDAMENTO;;003970;30866485000161;PAMELA MATIAS DA SILVA;3970;PAMELA - GFT ;18;SANDRO;2;1;29;648,29;68;540;9,64;30,65;0;13/01/2026 00:00;SC1;;;;;;;;;;;136;19,28;0;1080;61,3;22;2;GFT - REPRESENTANTE;19/11/2025 00:00;83
474618;1041;892;0;22122596;928;TAB AUTOS REDUZ - WL 928;AUTOMOVEIS;47204,51;47204,51;3342;CREDITO AUTO 43;19/11/2025;19/11/2025;19/11/2025;19/11/2025;BA;ANDAMENTO;;003094;01003229000142;INFINITE CORRETORA DE CREDITO LTDA;3094;INFINITE CREDITO - GFT;18;SANDRO;3;;;;;;;;;19/11/2025 00:00;N00;;;;;;;;;;;219,75;43,67;0;1088,24;61,35;20;2;GFT FILIAL-REPRESENTANTE;21/11/2025 00:00;64
475506;1046;257;0;22123468;965;TAB AUTOS 71 A 84M ;AUTOMOVEIS;50000;50000;3555;CREDITO AUTO 50;24/11/2025;24/11/2025;24/11/2025;24/11/2025;AM;ANDAMENTO;;003970;30866485000161;PAMELA MATIAS DA SILVA;3970;PAMELA - GFT ;18;SANDRO;1;1;29;847,21;111,05;685;13,15;38,01;0;13/01/2026 00:00;SC1;;;;;;;;;;;111,05;13,15;0;685;38,01;21;2;GFT - REPRESENTANTE;25/11/2025 00:00;76
476234;1048;840;0;22124161;689;TAB AUTO WL RED FUNCIONARIO;AUTOMOVEIS;30000;30000;3592;CREDITO AUTO 30;27/11/2025;27/11/2025;27/11/2025;27/11/2025;SP;ANDAMENTO;;003044;17278571000195;GFT PROMOTORA DE VENDAS LTDA;3044;GFT PROMOTORA - GFT;18;SANDRO;3;;;;;;;;;27/11/2025 00:00;N00;;;;;;;;;;;254,61;21,96;0;360;36,99;12;2;GFT - WHITE LABEL;28/11/2025 00:00;82
476282;1046;998;0;22124209;689;TAB AUTO WL RED FUNCIONARIO;AUTOMOVEIS;40000;40000;3550;CREDITO AUTO 40;27/11/2025;27/11/2025;27/11/2025;28/11/2025;BA;ANDAMENTO;;003044;17278571000195;GFT PROMOTORA DE VENDAS LTDA;3044;GFT PROMOTORA - GFT;18;SANDRO;3;;;;;;;;;27/11/2025 00:00;N00;;;;;;;;;;;404,16;31,56;0;480;49,32;12;2;GFT - WHITE LABEL;01/12/2025 00:00;76
476649;1048;1054;0;22124543;969;TAB AUTOS 71 A 84M RED ;AUTOMOVEIS;35000;35000;3593;CREDITO AUTO 35;28/11/2025;28/11/2025;28/11/2025;01/12/2025;RN;ANDAMENTO;;003812;12345678909;GFT PROMOTORA DE VENDAS LTDA*vendas 193;3044;GFT PROMOTORA - GFT;18;SANDRO;3;;;;;;;;;28/11/2025 00:00;N00;;;;;;;;;;;63,51;25,62;0;717,45;46,95;22;2;GFT - VENDA;02/12/2025 00:00;82
476658;800;64;0;22124552;935;TAB PESADOS RED - WL GFT;CAMINHOES / ONIBUS;203434,98;203434,98;3042;CARTA DE CRÉDITO 150-CAMINHÃO;28/11/2025;28/11/2025;28/11/2025;02/12/2025;PE;ANDAMENTO;;003094;01003229000142;INFINITE CORRETORA DE CREDITO LTDA;3094;INFINITE CREDITO - GFT;18;SANDRO;2;;;;;;;;;28/11/2025 00:00;N00;;;;;;;;;;;378,38;70,8;0;1708,84;0;18;2;GFT FILIAL-REPRESENTANTE;03/12/2025 00:00;115
476670;1046;222;0;22124564;689;TAB AUTO WL RED FUNCIONARIO;AUTOMOVEIS;80000;80000;3570;CREDITO AUTO 80;28/11/2025;28/11/2025;28/11/2025;28/11/2025;AM;ANDAMENTO;;003044;17278571000195;GFT PROMOTORA DE VENDAS LTDA;3044;GFT PROMOTORA - GFT;18;SANDRO;2;;;;;;;;;28/11/2025 00:00;N00;;;;;;;;;;;538,88;42,08;0;640;65,76;12;2;GFT - WHITE LABEL;01/12/2025 00:00;76
476724;1048;1110;0;22124618;689;TAB AUTO WL RED FUNCIONARIO;AUTOMOVEIS;30000;30000;3592;CREDITO AUTO 30;28/11/2025;28/11/2025;28/11/2025;01/12/2025;SP;ANDAMENTO;;003044;17278571000195;GFT PROMOTORA DE VENDAS LTDA;3044;GFT PROMOTORA - GFT;18;SANDRO;2;;;;;;;;;19/01/2026 00:00;N00;;;;;;;;;;;169,74;14,64;0;240;24,66;12;2;GFT - WHITE LABEL;01/12/2025 00:00;82
477179;1039;126;0;22125066;928;TAB AUTOS REDUZ - WL 928;AUTOMOVEIS;35141,92;35141,92;3274;CREDITO AUTO 32;01/12/2025;01/12/2025;01/12/2025;02/12/2025;PE;ANDAMENTO;;003094;01003229000142;INFINITE CORRETORA DE CREDITO LTDA;3094;INFINITE CREDITO - GFT;18;SANDRO;2;0;0;372,65;71,55;274,11;11,53;15,46;0;04/02/2026 00:00;SC0;;;;;;;;;;;143,1;23,06;0;548,22;30,92;20;2;GFT FILIAL-REPRESENTANTE;03/12/2025 00:00;61
478180;1044;1146;0;22126032;503;TAB 1 AUTO P - REDUZIDA;AUTOMOVEIS;90480;90480;3515;CREDITO AUTO 87;05/12/2025;05/12/2025;05/12/2025;09/12/2025;PE;ANDAMENTO;;003926;12345678909;GFT PROMOTORA DE VENDAS LTDA**vendas 228;3044;GFT PROMOTORA - GFT;18;SANDRO;2;0;0;836,63;186,3;584,69;25,52;40,12;0;03/02/2026 00:00;SC0;;;;;;;;;;;372,59;51,04;0;1169,38;80,24;21;2;GFT - VENDA;10/12/2025 00:00;71
467281;610;9272;1;22115613;946;TAB IMOVEL L REDUZ ;IMOVEIS ;164666,88;164666,87;3380;CRÉDITO IMÓVEL 150;14/10/2025;14/10/2025;14/10/2025;15/10/2025;RO;ANDAMENTO;30/01/2026;003387;49552580000119;CAPITAL PRIME CORRETORA - VENDAS 1;3386;CAPITAL PRIME;18;SANDRO;1;0;0;857,91;98,8;741;18,11;0;0;30/01/2026 00:00;E00;;;;;;;;;PARCELAS EM ATRASO;30/01/2026 00:00;94,39;17,3;0;707,86;0;21;2;GFT FILIAL - REPRES VENDA;16/10/2025 00:00;181
468066;1044;1494;0;22116350;928;TAB AUTOS REDUZ - WL 928;AUTOMOVEIS;104000;104000;3528;CREDITO AUTO 100;17/10/2025;17/10/2025;17/10/2025;20/10/2025;MT;ANDAMENTO;;003387;49552580000119;CAPITAL PRIME CORRETORA - VENDAS 1;3386;CAPITAL PRIME;18;SANDRO;1;;;;;;;;;19/11/2025 00:00;NCP;;;;;;;;;;;156,9;27,8;0;683,4;44,34;21;2;GFT FILIAL - REPRES VENDA;21/10/2025 00:00;72
468068;1044;1499;0;22116352;928;TAB AUTOS REDUZ - WL 928;AUTOMOVEIS;104000;104000;3528;CREDITO AUTO 100;17/10/2025;17/10/2025;17/10/2025;20/10/2025;MT;ANDAMENTO;;003387;49552580000119;CAPITAL PRIME CORRETORA - VENDAS 1;3386;CAPITAL PRIME;18;SANDRO;1;;;;;;;;;18/11/2025 00:00;NCP;;;;;;;;;;;156,9;27,8;0;683,4;44,34;21;2;GFT FILIAL - REPRES VENDA;21/10/2025 00:00;72
470962;608;92;0;22119114;;;IMOVEIS ;82310,33;82310,33;3060;CARTA DE CREDITO 60 - IMOVEL;31/10/2025;31/10/2025;31/10/2025;31/10/2025;AM;ANDAMENTO;;004002;30679749000178;D C BARROS LTDA;402;D C BARROS;18;SANDRO;3;;;;;;;;;31/10/2025 00:00;N00;13/11/2025;78,5;57;LL;Lance Livre;NÃO;64613,61;82310,33;;;53833,95;1087,82;0;10958,1;108,6;20;2;GFT - REPRESENTANTE;03/11/2025 00:00;143
471508;608;388;0;22119647;780;IMOVEL LINEAR - RED ;IMOVEIS ;116606,29;116606,29;3065;CARTA DE CREDITO 85 - IMOVEL;04/11/2025;04/11/2025;04/11/2025;05/11/2025;MS;ANDAMENTO;;004002;30679749000178;D C BARROS LTDA;402;D C BARROS;18;SANDRO;4;;;;;;;;;04/11/2025 00:00;N00;;;;;;;;;;;604,49;65,28;0;1352,6;51,28;20;2;GFT - REPRESENTANTE;06/11/2025 00:00;143
471917;610;9562;0;22120046;780;IMOVEL LINEAR - RED ;IMOVEIS ;164666,88;164666,87;3380;CRÉDITO IMÓVEL 150;06/11/2025;06/11/2025;06/11/2025;06/11/2025;AM;ANDAMENTO;;004002;30679749000178;D C BARROS LTDA;402;D C BARROS;18;SANDRO;3;;;;;;;;;06/11/2025 00:00;N00;;;;;;;;;;;224,34;54,02;0;1411,22;215,79;21;2;GFT - REPRESENTANTE;07/11/2025 00:00;180
473439;1045;419;0;22121501;928;TAB AUTOS REDUZ - WL 928;AUTOMOVEIS;81478,8;81478,8;3548;CREDITO AUTO 78;13/11/2025;13/11/2025;13/11/2025;14/11/2025;SP;ANDAMENTO;;004002;30679749000178;D C BARROS LTDA;402;D C BARROS;18;SANDRO;3;;;;;;;;;18/12/2025 00:00;N00;;;;;;;;;;;318,7;64,12;0,22;1622,92;105,31;21;2;GFT - REPRESENTANTE;17/11/2025 00:00;74
475244;312;657;2;22123211;62;TAB 1 MOTO - TOTAL;MOTOCICLETAS;28000;28000;9082;CARTA DE CRÉDITO - MOTO 28;22/11/2025;22/11/2025;22/11/2025;24/11/2025;AM;ANDAMENTO;21/01/2026;003970;30866485000161;PAMELA MATIAS DA SILVA;3970;PAMELA - GFT ;18;SANDRO;1;0;0;484,02;76,55;377,99;7,28;22,2;0;21/01/2026 00:00;E00;;;;;;;;;SOLICITACAO CONSORCIADO;21/01/2026 00:00;76,55;7,28;0;378;22,2;25;2;GFT - REPRESENTANTE;25/11/2025 00:00;77
476156;1044;578;0;22124084;928;TAB AUTOS REDUZ - WL 928;AUTOMOVEIS;90480;90480;3515;CREDITO AUTO 87;27/11/2025;27/11/2025;27/11/2025;27/11/2025;PE;ANDAMENTO;;003094;01003229000142;INFINITE CORRETORA DE CREDITO LTDA;3094;INFINITE CREDITO - GFT;18;SANDRO;2;;;;;;;;;27/11/2025 00:00;N00;;;;;;;;;;;305,28;51,04;0;1236,68;80,24;21;2;GFT FILIAL-REPRESENTANTE;28/11/2025 00:00;71
476463;610;9954;0;22124384;780;IMOVEL LINEAR - RED ;IMOVEIS ;263467;263467;3389;CRÉDITO IMÓVEL 240;08/12/2025;08/12/2025;28/11/2025;08/12/2025;SP;ANDAMENTO;;003478;70182571000170;PORTAL NEGOCIOS E SOLUCOES CORRETORA DE ;3478;PORTAL;18;SANDRO;1;1;29;1036,83;126,46;764,03;29,51;116,83;0;13/01/2026 00:00;NN1;;;;;;;;;;;126,46;29,51;0;764,03;116,83;21;2;GFT FILIAL-REPRESENTANTE;09/12/2025 00:00;179
476636;1048;1048;0;22124531;689;TAB AUTO WL RED FUNCIONARIO;AUTOMOVEIS;50000;50000;3596;CREDITO AUTO 50;28/11/2025;28/11/2025;28/11/2025;28/11/2025;SP;ANDAMENTO;;003044;17278571000195;GFT PROMOTORA DE VENDAS LTDA;3044;GFT PROMOTORA - GFT;18;SANDRO;2;;;;;;;;;28/11/2025 00:00;N00;;;;;;;;;;;282,9;24,4;0;400;41,1;12;2;GFT - WHITE LABEL;01/12/2025 00:00;82
476695;1027;281;0;22124589;;;AUTOMOVEIS;84582,6;84582,6;1766;CRÉDITO AUTO 66;28/11/2025;28/11/2025;28/11/2025;01/12/2025;BA;ANDAMENTO;;004027;26463423000131;JONE RIVES RAMOS ALECRIM vendas 1;3044;GFT PROMOTORA - GFT;18;SANDRO;2;;;;;;;;;16/01/2026 00:00;N00;22/01/2026;64,0151;5;LL;Lance Livre;NÃO;54146;84582,6;;;47308,41;972,99;1,31;8461,29;72,58;17;2;GFT - REPRESENTANTE VENDA;02/12/2025 00:00;39
477039;1045;274;0;22124933;381;AUTO TAB. 1 - PRESTAMISTA;AUTOMOVEIS;41784;41784;3529;CREDITO AUTO 40;01/12/2025;01/12/2025;01/12/2025;01/12/2025;BA;ANDAMENTO;;004027;26463423000131;JONE RIVES RAMOS ALECRIM vendas 1;3044;GFT PROMOTORA - GFT;18;SANDRO;3;;;;;;;;;16/01/2026 00:00;N00;;;;;;;;;;;247,14;33,86;0,26;2038,9;93,93;21;2;GFT - REPRESENTANTE VENDA;02/12/2025 00:00;73
461143;800;154;0;22110029;935;TAB PESADOS RED - WL GFT;CAMINHOES / ONIBUS;135623,31;135623,31;3037;CARTA DE CRÉDITO 100-CAMINHÃO;12/09/2025;12/09/2025;12/09/2025;12/09/2025;SP;ANDAMENTO;;003700;38350846000124;FABIO ARIMA CORR DE SEGUROS LTDA - GFT;3700;GFT - FABIO ARIMA 5%;18;SANDRO;4;;;;;;;;;12/09/2025 00:00;N00;;;;;;;;;;;457,32;92,76;0;2278,48;0;18;2;GFT FILIAL-REPRESENTANTE;15/09/2025 00:00;117
462511;1038;73;4;22111299;928;TAB AUTOS REDUZ - WL 928;AUTOMOVEIS;30684,5;30684,5;3249;CREDITO AUTO 28;19/09/2025;19/09/2025;19/09/2025;19/09/2025;RO;ANDAMENTO;25/11/2025;003387;49552580000119;CAPITAL PRIME CORRETORA - VENDAS 1;3386;CAPITAL PRIME;18;SANDRO;1;0;0;320,32;57,59;239,32;9,91;13,5;0;25/11/2025 00:00;E00;;;;;;;;;SOLICITACAO CONSORCIADO;25/11/2025 15:02;51,82;9,91;0;245,11;13,5;20;2;GFT FILIAL - REPRES VENDA;22/09/2025 00:00;62
463061;1042;69;0;22111824;928;TAB AUTOS REDUZ - WL 928;AUTOMOVEIS;74880;74880;3428;CREDITO AUTO 72;23/09/2025;23/09/2025;23/09/2025;26/09/2025;PE;ANDAMENTO;;003094;01003229000142;INFINITE CORRETORA DE CREDITO LTDA;3094;INFINITE CREDITO - GFT;18;SANDRO;1;;;;;;;;;07/10/2025 00:00;NCP;;;;;;;;;;;135,46;21,42;0;511,73;33,2;21;2;GFT FILIAL-REPRESENTANTE;29/09/2025 00:00;70
463523;1038;575;6;22112233;928;TAB AUTOS REDUZ - WL 928;AUTOMOVEIS;30684,5;30684,5;3249;CREDITO AUTO 28;25/09/2025;25/09/2025;25/09/2025;26/09/2025;RO;ANDAMENTO;30/01/2026;003387;49552580000119;CAPITAL PRIME CORRETORA - VENDAS 1;3386;CAPITAL PRIME;18;SANDRO;1;0;0;320,32;57,59;239,32;9,91;13,5;0;30/01/2026 00:00;E00;;;;;;;;;PARCELAS EM ATRASO;30/01/2026 00:00;57,59;9,91;0;239,34;13,5;20;2;GFT FILIAL - REPRES VENDA;29/09/2025 00:00;62
464490;1044;1400;2;22113050;928;TAB AUTOS REDUZ - WL 928;AUTOMOVEIS;104000;104000;3528;CREDITO AUTO 100;30/09/2025;30/09/2025;30/09/2025;01/10/2025;RO;ANDAMENTO;30/01/2026;003387;49552580000119;CAPITAL PRIME CORRETORA - VENDAS 1;3386;CAPITAL PRIME;18;SANDRO;1;0;0;936,59;151,22;710,75;28,5;46,12;0;30/01/2026 00:00;E00;;;;;;;;;PARCELAS EM ATRASO;30/01/2026 00:00;145,4;27,4;0;683,4;44,34;21;2;GFT FILIAL - REPRES VENDA;02/10/2025 00:00;73
465298;1039;35;6;22113745;928;TAB AUTOS REDUZ - WL 928;AUTOMOVEIS;37338,3;37338,3;3276;CREDITO AUTO 34;03/10/2025;03/10/2025;03/10/2025;07/10/2025;PE;ANDAMENTO;30/01/2026;003131;01003229000142;INFINITE CORRETORA DE CREDITO vendas 02;3094;INFINITE CREDITO - GFT;18;SANDRO;1;0;0;398,76;64,37;305,53;12,44;16,42;0;30/01/2026 00:00;E00;;;;;;;;;PARCELAS EM ATRASO;30/01/2026 00:00;61,21;11,25;0;276,92;15,61;20;2;GFT FILIAL - REPRES VENDA;08/10/2025 00:00;63
465780;1030;206;0;22114186;928;TAB AUTOS REDUZ - WL 928;AUTOMOVEIS;63097,62;63097,62;3141;CRÉDITO AUTO 55;06/10/2025;06/10/2025;06/10/2025;07/10/2025;SP;ANDAMENTO;;003827;12345678909;GFT PROMOTORA DE VENDAS LTDA***venda 208;3044;GFT PROMOTORA - GFT;18;SANDRO;2;2;57;507,19;32,5;431,27;15,21;28,21;0;16/01/2026 00:00;NN2;;;;;;;;;;;64,99;30,42;0;862,49;56,42;22;2;GFT - VENDA;08/10/2025 00:00;83
466098;1038;796;6;22114488;928;TAB AUTOS REDUZ - WL 928;AUTOMOVEIS;27396,88;27396,88;3246;CREDITO AUTO 25;07/10/2025;07/10/2025;07/10/2025;09/10/2025;RO;ANDAMENTO;07/11/2025;003387;49552580000119;CAPITAL PRIME CORRETORA - VENDAS 1;3386;CAPITAL PRIME;18;SANDRO;1;0;0;286;51,42;213,68;8,85;12,05;0;07/11/2025 00:00;E00;;;;;;;;;SOLICITACAO CONSORCIADO;07/11/2025 00:00;51,42;8,85;0;213,7;12,05;20;2;GFT FILIAL - REPRES VENDA;10/10/2025 00:00;62
467688;608;75;0;22115981;937;TAB IMOVEL WL - 937 RED;IMOVEIS ;164620,63;164620,63;3072;CARTA DE CREDITO 120 - IMOVEL;15/10/2025;15/10/2025;15/10/2025;15/10/2025;RO;ANDAMENTO;;003387;49552580000119;CAPITAL PRIME CORRETORA - VENDAS 1;3386;CAPITAL PRIME;18;SANDRO;1;2;62;707,88;113,26;571,57;23,05;0;0;16/01/2026 00:00;SC2;;;;;;;;;;;164,62;23,05;0;1358,12;0;20;2;GFT FILIAL - REPRES VENDA;16/10/2025 00:00;143
471513;608;437;0;22119652;780;IMOVEL LINEAR - RED ;IMOVEIS ;116606,29;116606,29;3065;CARTA DE CREDITO 85 - IMOVEL;04/11/2025;04/11/2025;04/11/2025;05/11/2025;MS;ANDAMENTO;;004002;30679749000178;D C BARROS LTDA;402;D C BARROS;18;SANDRO;4;;;;;;;;;04/11/2025 00:00;N00;;;;;;;;;;;604,49;65,28;0;1352,6;51,28;20;2;GFT - REPRESENTANTE;06/11/2025 00:00;143
472278;1048;1069;0;22120392;928;TAB AUTOS REDUZ - WL 928;AUTOMOVEIS;30000;30000;3592;CREDITO AUTO 30;07/11/2025;07/11/2025;07/11/2025;10/11/2025;AM;ANDAMENTO;;004002;30679749000178;D C BARROS LTDA;402;D C BARROS;18;SANDRO;3;;;;;;;;;07/11/2025 00:00;N00;;;;;;;;;;;46,35;21,69;0;615,06;40,23;22;2;GFT - REPRESENTANTE;11/11/2025 00:00;83
473269;314;276;0;22121343;62;TAB 1 MOTO - TOTAL;MOTOCICLETAS;21000;21000;9107;CARTA DE CRÉDITO - MOTO 21;12/11/2025;12/11/2025;12/11/2025;12/11/2025;AM;ANDAMENTO;;003970;30866485000161;PAMELA MATIAS DA SILVA;3970;PAMELA - GFT ;18;SANDRO;1;1;26;343,2;35,7;283,5;5;19;0;16/01/2026 00:00;NN1;;;;;;;;;;;35,7;5;0;283,5;19;25;2;GFT - REPRESENTANTE;13/11/2025 00:00;84
448689;1043;538;3;22099775;928;TAB AUTOS REDUZ - WL 928;AUTOMOVEIS;41600;41600;3437;CREDITO AUTO 40;18/07/2025;18/07/2025;18/07/2025;21/07/2025;PE;ANDAMENTO;31/10/2025;003474;32723944000183;A B ALVES INVESTIMENTOS EM CREDITOS;3474;A B ALVES;18;SANDRO;1;0;0;369,82;55,83;284,31;11,23;18,45;0;10/11/2025 00:00;A00;;;;;;;;;PARCELAS EM ATRASO;31/10/2025 11:54;53,68;10,8;0;273,36;17,74;21;2;GFT - REPRESENTANTE;22/07/2025 00:00;74
449174;1043;627;2;22100250;928;TAB AUTOS REDUZ - WL 928;AUTOMOVEIS;72800;72800;3467;CREDITO AUTO 70;21/07/2025;21/07/2025;21/07/2025;22/07/2025;PE;ANDAMENTO;31/10/2025;003387;49552580000119;CAPITAL PRIME CORRETORA - VENDAS 1;3386;CAPITAL PRIME;18;SANDRO;1;0;0;647,17;97,7;497,53;19,66;32,28;0;31/10/2025 00:00;E00;;;;;;;;;PARCELAS EM ATRASO;31/10/2025 00:00;93,94;18,9;0;478,38;31,04;21;2;GFT FILIAL - REPRES VENDA;23/07/2025 00:00;74
449976;1043;83;3;22100756;928;TAB AUTOS REDUZ - WL 928;AUTOMOVEIS;42640;42640;3438;CREDITO AUTO 41;24/07/2025;24/07/2025;24/07/2025;25/07/2025;PE;ANDAMENTO;28/11/2025;003388;49552580000119;CAPITAL PRIME CORRETORA - VENDAS 2;3386;CAPITAL PRIME;18;SANDRO;1;0;0;384;62;291,41;11,68;18,91;0;28/11/2025 00:00;E00;;;;;;;;;PARCELAS EM ATRASO;28/11/2025 00:00;59,62;11,23;0;280,18;18,18;21;2;GFT FILIAL - REPRES VENDA;28/07/2025 00:00;73
451220;1045;673;2;22101861;928;TAB AUTOS REDUZ - WL 928;AUTOMOVEIS;62676;62676;3539;CREDITO AUTO 60;30/07/2025;30/07/2025;30/07/2025;31/07/2025;PB;ANDAMENTO;30/12/2025;003045;17278571000195;GFT PROMOTORA DE VENDAS LTDA -VENDAS;3044;GFT PROMOTORA - GFT;18;SANDRO;2;0;0;513,21;61,38;409,62;15,6;26,61;0;30/12/2025 00:00;E00;;;;;;;;;PARCELAS EM ATRASO;30/12/2025 00:00;122,82;31,22;1,3;820,51;53,22;21;2;GFT - WHITE LABEL;01/08/2025 00:00;77
453502;610;449;1;22102955;946;TAB IMOVEL L REDUZ ;IMOVEIS ;164666,88;164666,87;3380;CRÉDITO IMÓVEL 150;05/08/2025;05/08/2025;05/08/2025;05/08/2025;RO;ANDAMENTO;28/11/2025;003338;39339901000148;J.C.CONSORCIO LTDA;3338;J.C.CONSORCIO;18;SANDRO;1;0;0;889,13;94,38;707,85;17,15;69,75;0;28/11/2025 00:00;E00;;;;;;;;;PARCELAS EM ATRASO;28/11/2025 00:00;94,38;17,15;0;707,87;69,75;21;2;GFT FILIAL-REPRESENTANTE;06/08/2025 00:00;183
454719;903;6;0;22104075;943;TAB 1 SERVIÇO - WL;SERVIÇOS;50000;50000;9068;SERVIÇOS 50;11/08/2025;11/08/2025;11/08/2025;12/08/2025;PE;ANDAMENTO;;003478;70182571000170;PORTAL NEGOCIOS E SOLUCOES CORRETORA DE ;3478;PORTAL;18;SANDRO;7;;;;;;;;;17/10/2025 00:00;N00;;;;;;;;;;;2614,95;312,55;2,18;4697,6;153,93;17;5;GFT FILIAL-REPRESENTANTE;13/08/2025 00:00;56
457383;608;13;10;22106532;926;TAB IMOVEL - WL 926;IMOVEIS ;82310,33;82310,33;3060;CARTA DE CREDITO 60 - IMOVEL;26/08/2025;26/08/2025;26/08/2025;28/08/2025;PE;ANDAMENTO;30/12/2025;003207;33358916000177;KR1 CONSULTORIA E CORRETORA DE SEGUROS ;3207;KR1 CONSULT - GFT;18;SANDRO;1;0;0;878,28;86,43;716,13;11,36;64,36;0;30/12/2025 00:00;E00;;;;;;;;;PARCELAS EM ATRASO;30/12/2025 00:00;86,43;11,36;0;716,1;64,36;20;2;GFT - REPRESENTANTE;29/08/2025 00:00;145
459715;610;119;0;22108681;946;TAB IMOVEL L REDUZ ;IMOVEIS ;164666,88;164666,87;3380;CRÉDITO IMÓVEL 150;05/09/2025;05/09/2025;05/09/2025;08/09/2025;PE;ANDAMENTO;;003474;32723944000183;A B ALVES INVESTIMENTOS EM CREDITOS;3474;A B ALVES;18;SANDRO;1;;;;;;;;;17/09/2025 00:00;NCP;;;;;;;;;;;94,39;17,3;0;707,86;69,75;21;2;GFT - REPRESENTANTE;09/09/2025 00:00;182
460288;1043;307;2;22109230;928;TAB AUTOS REDUZ - WL 928;AUTOMOVEIS;41600;41600;3437;CREDITO AUTO 40;09/09/2025;09/09/2025;09/09/2025;12/09/2025;RO;ANDAMENTO;30/12/2025;003387;49552580000119;CAPITAL PRIME CORRETORA - VENDAS 1;3386;CAPITAL PRIME;18;SANDRO;1;0;0;390,97;65,27;295,23;12,02;18,45;0;30/12/2025 00:00;E00;;;;;;;;;PARCELAS EM ATRASO;30/12/2025 12:31;62,76;11,12;0;273,36;17,74;21;2;GFT FILIAL - REPRES VENDA;15/09/2025 00:00;72
461664;1033;7;10;22110533;928;TAB AUTOS REDUZ - WL 928;AUTOMOVEIS;50059,58;50059,58;3174;CRÉDITO AUTO 44;15/09/2025;15/09/2025;15/09/2025;18/09/2025;PE;ANDAMENTO;30/01/2026;003094;01003229000142;INFINITE CORRETORA DE CREDITO LTDA;3094;INFINITE CREDITO - GFT;18;SANDRO;1;0;0;665,91;232,63;390,47;21,33;21,48;0;30/01/2026 00:00;E00;;;;;;;;;PARCELAS EM ATRASO;30/01/2026 00:00;232,62;21,33;0;390,47;21,48;17;2;GFT FILIAL-REPRESENTANTE;19/09/2025 00:00;47
463874;800;169;0;22112529;935;TAB PESADOS RED - WL GFT;CAMINHOES / ONIBUS;162747,98;162747,99;3039;CARTA DE CRÉDITO 120-CAMINHÃO;26/09/2025;26/09/2025;26/09/2025;29/09/2025;PE;ANDAMENTO;;003478;70182571000170;PORTAL NEGOCIOS E SOLUCOES CORRETORA DE ;3478;PORTAL;18;SANDRO;4;;;;;;;;;16/01/2026 00:00;N00;;;;;;;;;;;548,75;111,31;2,55;2733,98;0;18;2;GFT FILIAL-REPRESENTANTE;30/09/2025 00:00;117
464589;608;1117;0;22113134;937;TAB IMOVEL WL - 937 RED;IMOVEIS ;102887,91;102887,91;3063;CARTA DE CREDITO 75 - IMOVEL;30/09/2025;30/09/2025;30/09/2025;01/10/2025;RO;ANDAMENTO;;003387;49552580000119;CAPITAL PRIME CORRETORA - VENDAS 1;3386;CAPITAL PRIME;18;SANDRO;4;;;;;;;;;14/11/2025 00:00;N00;;;;;;;;;;;306,33;57,23;0,44;1920,48;181;20;2;GFT FILIAL - REPRES VENDA;02/10/2025 00:00;144
478535;1048;1790;0;22126385;381;AUTO TAB. 1 - PRESTAMISTA;AUTOMOVEIS;50000;50000;3596;CREDITO AUTO 50;08/12/2025;08/12/2025;08/12/2025;08/12/2025;AM;ANDAMENTO;;003970;30866485000161;PAMELA MATIAS DA SILVA;3970;PAMELA - GFT ;18;SANDRO;1;1;29;772,2;85;675;12,2;0;0;13/01/2026 00:00;NN1;;;;;;;;;;;85;12,2;0;675;0;15;2;GFT - REPRESENTANTE;09/12/2025 00:00;82
478555;903;45;0;22126405;960;TAB SERVIÇO ATÉ 70M;SERVIÇOS;25000;25000;9063;SERVIÇOS 25;08/12/2025;08/12/2025;08/12/2025;08/12/2025;PR;ANDAMENTO;;003344;51407519000120;ATIVA AGENDAMENTO DE CONTRATOS LTDA;3344;ATIVA AGENDAMENTO - GFT;18;SANDRO;2;;;;;;;;;19/01/2026 00:00;N00;;;;;;;;;;;358,86;48,62;0;778,37;22;17;5;GFT FILIAL-REPRESENTANTE;09/12/2025 00:00;52
478580;1048;1815;1;22126428;381;AUTO TAB. 1 - PRESTAMISTA;AUTOMOVEIS;60000;60000;3598;CREDITO AUTO 60;08/12/2025;08/12/2025;08/12/2025;08/12/2025;AM;ANDAMENTO;29/01/2026;003970;30866485000161;PAMELA MATIAS DA SILVA;3970;PAMELA - GFT ;18;SANDRO;1;0;0;970,02;102;810;14,64;43,38;0;29/01/2026 00:00;E00;;;;;;;;;SOLICITACAO CONSORCIADO;29/01/2026 00:00;102;14,64;0;810;43,38;15;2;GFT - REPRESENTANTE;09/12/2025 00:00;82
479683;1030;1064;0;22127476;381;AUTO TAB. 1 - PRESTAMISTA;AUTOMOVEIS;103250,65;103250,65;3148;CRÉDITO AUTO 90;12/12/2025;12/12/2025;12/12/2025;12/12/2025;AM;ANDAMENTO;;003970;30866485000161;PAMELA MATIAS DA SILVA;3970;PAMELA - GFT ;18;SANDRO;1;1;26;1674,06;175,53;1393,91;25,5;79,12;0;16/01/2026 00:00;NN1;;;;;;;;;;;175,53;25,5;0;1393,88;79,12;22;2;GFT - REPRESENTANTE;15/12/2025 00:00;81
479828;314;624;0;22127621;62;TAB 1 MOTO - TOTAL;MOTOCICLETAS;15000;15000;9101;CARTA DE CRÉDITO - MOTO 15;13/12/2025;13/12/2025;13/12/2025;15/12/2025;AM;ANDAMENTO;;003970;30866485000161;PAMELA MATIAS DA SILVA;3970;PAMELA - GFT ;18;SANDRO;1;1;26;247,83;25,5;202,5;3,57;16,26;0;16/01/2026 00:00;NN1;;;;;;;;;;;25,5;3,57;0;202,5;16,26;25;2;GFT - REPRESENTANTE;15/12/2025 00:00;84
481246;1048;2562;0;22128953;381;AUTO TAB. 1 - PRESTAMISTA;AUTOMOVEIS;60000;60000;3598;CREDITO AUTO 60;20/12/2025;20/12/2025;20/12/2025;20/12/2025;AM;ANDAMENTO;;003970;30866485000161;PAMELA MATIAS DA SILVA;3970;PAMELA - GFT ;18;SANDRO;1;;;;;;;;;29/01/2026 00:00;N00;;;;;;;;;;;102;14,82;0;810;45,98;22;2;GFT - REPRESENTANTE;22/12/2025 00:00;81
481249;800;205;0;22128956;826;TAB PESADOS L NV ;CAMINHOES / ONIBUS;149185,66;149185,65;3038;CARTA DE CRÉDITO 110-CAMINHÃO;20/12/2025;20/12/2025;20/12/2025;20/12/2025;AM;ANDAMENTO;;003970;30866485000161;PAMELA MATIAS DA SILVA;3970;PAMELA - GFT ;18;SANDRO;2;;;;;;;;;20/12/2025 00:00;N00;;;;;;;;;;;403,1;52,22;0;2685,34;229,48;18;2;GFT - REPRESENTANTE;22/12/2025 00:00;114
481518;1038;921;0;22129212;503;TAB 1 AUTO P - REDUZIDA;AUTOMOVEIS;32876,25;32876,25;3251;CREDITO AUTO 30;23/12/2025;23/12/2025;23/12/2025;23/12/2025;BA;ANDAMENTO;;003926;12345678909;GFT PROMOTORA DE VENDAS LTDA**vendas 228;3044;GFT PROMOTORA - GFT;18;SANDRO;1;;;;;;;;;23/12/2025 00:00;N00;;;;;;;;;;;72,82;11,15;0;253,15;14,1;17;2;GFT - VENDA;29/12/2025 00:00;59
482307;1042;204;0;22129939;381;AUTO TAB. 1 - PRESTAMISTA;AUTOMOVEIS;74880;74880;3428;CREDITO AUTO 72;31/12/2025;31/12/2025;31/12/2025;31/12/2025;AM;ANDAMENTO;;003970;30866485000161;PAMELA MATIAS DA SILVA;3970;PAMELA - GFT ;18;SANDRO;1;;;;;;;;;31/12/2025 00:00;N00;;;;;;;;;;;149,76;22,39;0;1235,52;56,46;20;2;GFT - REPRESENTANTE;05/01/2026 00:00;67
482777;610;472;0;22130398;778;TAB1 IMOVEL ;IMOVEIS ;318355,97;318355,96;3394;CRÉDITO IMÓVEL 290;06/01/2026;06/01/2026;06/01/2026;06/01/2026;AM;ANDAMENTO;;004121;30866485000161;PAMELA MATIAS DA SILVA VENDAS 2;3970;PAMELA - GFT ;18;SANDRO;1;0;0;2338,12;314,85;1846,44;35,66;141,17;0;09/02/2026 00:00;SC0;;;;;;;;;;;247,04;35,66;0;2387,67;141,17;21;2;GFT - REPRESENTANTE VENDA;07/01/2026 00:00;178
482819;1045;111;0;22130434;503;TAB 1 AUTO P - REDUZIDA;AUTOMOVEIS;64765,2;64765,2;3540;CREDITO AUTO 62;06/01/2026;06/01/2026;06/01/2026;06/01/2026;BA;ANDAMENTO;;004027;26463423000131;JONE RIVES RAMOS ALECRIM vendas 1;3044;GFT PROMOTORA - GFT;18;SANDRO;1;;;;;;;;;06/01/2026 00:00;N00;;;;;;;;;;;125,71;18;0;418,51;0;21;2;GFT - REPRESENTANTE VENDA;07/01/2026 00:00;72
482911;610;591;0;22130519;711;TAB IMOVEL LINEAR S/ ESTORNO;IMOVEIS ;160000;219494,19;3080;CARTA DE CREDITO 160 - IMOVEL;06/01/2026;06/01/2026;06/01/2026;06/01/2026;AM;ANDAMENTO;;004123;30866485000161;PAMELA MATIAS DA SILVA VENDAS 3;3970;PAMELA - GFT ;18;SANDRO;1;0;0;1167,01;118,72;960;17,92;70,37;0;09/02/2026 00:00;SC0;;;;;;;;;;;118,72;17,92;0;960;70,37;20;2;GFT - REPRESENTANTE VENDA;07/01/2026 00:00;178
478528;314;548;0;22126378;62;TAB 1 MOTO - TOTAL;MOTOCICLETAS;19000;19000;9105;CARTA DE CRÉDITO - MOTO 19;08/12/2025;08/12/2025;08/12/2025;08/12/2025;AM;ANDAMENTO;;003970;30866485000161;PAMELA MATIAS DA SILVA;3970;PAMELA - GFT ;18;SANDRO;2;;;;;;;;;08/12/2025 00:00;N00;;;;;;;;;;;64,6;9,04;0;513;36,16;25;2;GFT - REPRESENTANTE;09/12/2025 00:00;84
478548;1030;929;0;22126398;503;TAB 1 AUTO P - REDUZIDA;AUTOMOVEIS;86042,21;86042,21;3145;CRÉDITO AUTO 75;08/12/2025;08/12/2025;08/12/2025;08/12/2025;AM;ANDAMENTO;;003970;30866485000161;PAMELA MATIAS DA SILVA;3970;PAMELA - GFT ;18;SANDRO;2;;;;;;;;;08/12/2025 00:00;N00;;;;;;;;;;;183,96;42,5;0;1112,01;76,92;22;2;GFT - REPRESENTANTE;09/12/2025 00:00;81
480865;1038;506;0;22128595;503;TAB 1 AUTO P - REDUZIDA;AUTOMOVEIS;32876,25;32876,25;3251;CREDITO AUTO 30;18/12/2025;18/12/2025;18/12/2025;19/12/2025;PE;ANDAMENTO;;003926;12345678909;GFT PROMOTORA DE VENDAS LTDA**vendas 228;3044;GFT PROMOTORA - GFT;18;SANDRO;2;;;;;;;;;18/12/2025 00:00;N00;;;;;;;;;;;145,64;22,29;0;506,29;28,2;17;2;GFT - VENDA;19/12/2025 00:00;59
481234;800;177;0;22128941;826;TAB PESADOS L NV ;CAMINHOES / ONIBUS;149185,66;149185,65;3038;CARTA DE CRÉDITO 110-CAMINHÃO;20/12/2025;20/12/2025;20/12/2025;20/12/2025;AM;ANDAMENTO;;003970;30866485000161;PAMELA MATIAS DA SILVA;3970;PAMELA - GFT ;18;SANDRO;1;;;;;;;;;20/12/2025 00:00;N00;;;;;;;;;;;201,55;26,11;0;1342,67;114,74;18;2;GFT - REPRESENTANTE;22/12/2025 00:00;114
481391;800;211;0;22129095;935;TAB PESADOS RED - WL GFT;CAMINHOES / ONIBUS;135623,31;135623,31;3037;CARTA DE CRÉDITO 100-CAMINHÃO;22/12/2025;22/12/2025;22/12/2025;22/12/2025;AM;ANDAMENTO;;004008;61663487000187;AGORA PROTEGE LIMITADA;3044;GFT PROMOTORA - GFT;18;SANDRO;1;;;;;;;;;22/12/2025 00:00;N00;;;;;;;;;;;132,24;23,73;0;569,61;0;18;2;GFT - REPRESENTANTE;23/12/2025 00:00;114
482263;314;825;0;22129895;62;TAB 1 MOTO - TOTAL;MOTOCICLETAS;19000;19000;9105;CARTA DE CRÉDITO - MOTO 19;30/12/2025;30/12/2025;30/12/2025;30/12/2025;AM;ANDAMENTO;;003970;30866485000161;PAMELA MATIAS DA SILVA;3970;PAMELA - GFT ;18;SANDRO;1;;;;;;;;;30/12/2025 00:00;N00;;;;;;;;;;;32,3;4,58;0;256,5;18,08;25;2;GFT - REPRESENTANTE;05/01/2026 00:00;83
482304;800;65;0;22129936;918;TAB PESADOS ;CAMINHOES / ONIBUS;149185,66;149185,65;3038;CARTA DE CRÉDITO 110-CAMINHÃO;31/12/2025;31/12/2025;31/12/2025;31/12/2025;AM;ANDAMENTO;;003970;30866485000161;PAMELA MATIAS DA SILVA;3970;PAMELA - GFT ;18;SANDRO;1;;;;;;;;;31/12/2025 00:00;N00;;;;;;;;;;;159,33;26,11;0;1372,51;0;18;2;GFT - REPRESENTANTE;05/01/2026 00:00;114
482374;1030;885;0;22130006;381;AUTO TAB. 1 - PRESTAMISTA;AUTOMOVEIS;103250,65;103250,65;3148;CRÉDITO AUTO 90;02/01/2026;02/01/2026;02/01/2026;02/01/2026;AM;ANDAMENTO;;003970;30866485000161;PAMELA MATIAS DA SILVA;3970;PAMELA - GFT ;18;SANDRO;1;;;;;;;;;02/01/2026 00:00;N00;;;;;;;;;;;180,69;25,81;0;1393,88;79,12;22;2;GFT - REPRESENTANTE;05/01/2026 00:00;80
482828;610;522;0;22130442;780;IMOVEL LINEAR - RED ;IMOVEIS ;252489,2;252489,21;3388;CRÉDITO IMÓVEL 230;06/01/2026;06/01/2026;06/01/2026;07/01/2026;PE;ANDAMENTO;;003078;17278571001248;GFT PROMOTORA DE VENDAS LTDA - FILIAL;3078;GFT FILIAL PROMOTORA - GFT;18;SANDRO;1;;;;;;;;;06/01/2026 00:00;N00;;;;;;;;;;;125,99;28,28;0;732,22;0;21;2;GFT FILIAL - WHITE LABEL;08/01/2026 00:00;178
483394;314;879;0;22130963;963;TAB MOTO 71 A 84M ;MOTOCICLETAS;15000;15000;9101;CARTA DE CRÉDITO - MOTO 15;08/01/2026;08/01/2026;08/01/2026;08/01/2026;AM;ANDAMENTO;;003970;30866485000161;PAMELA MATIAS DA SILVA;3970;PAMELA - GFT ;18;SANDRO;1;;;;;;;;;08/01/2026 00:00;N00;;;;;;;;;;;25,5;3,62;0;202,5;16,26;25;2;GFT - REPRESENTANTE;09/01/2026 00:00;83
483874;1030;1335;0;22131437;381;AUTO TAB. 1 - PRESTAMISTA;AUTOMOVEIS;97514,5;97514,5;3147;CRÉDITO AUTO 85;12/01/2026;12/01/2026;12/01/2026;12/01/2026;AM;ANDAMENTO;;004123;30866485000161;PAMELA MATIAS DA SILVA VENDAS 3;3970;PAMELA - GFT ;18;SANDRO;1;;;;;;;;;12/01/2026 00:00;N00;;;;;;;;;;;170,65;24,38;0;1316,45;74,73;22;2;GFT - REPRESENTANTE VENDA;13/01/2026 00:00;80
484658;314;904;0;22132150;62;TAB 1 MOTO - TOTAL;MOTOCICLETAS;17000;17000;9103;CARTA DE CRÉDITO - MOTO 17;15/01/2026;15/01/2026;15/01/2026;15/01/2026;AM;ANDAMENTO;;003970;30866485000161;PAMELA MATIAS DA SILVA;3970;PAMELA - GFT ;18;SANDRO;1;;;;;;;;;28/01/2026 00:00;SC0;;;;;;;;;;;28,9;4,1;0;229,5;17,17;25;2;GFT - REPRESENTANTE;16/01/2026 00:00;83
486179;1045;57;0;22133540;503;TAB 1 AUTO P - REDUZIDA;AUTOMOVEIS;41784;41784;3529;CREDITO AUTO 40;23/01/2026;23/01/2026;23/01/2026;26/01/2026;PE;ANDAMENTO;;003926;12345678909;GFT PROMOTORA DE VENDAS LTDA**vendas 228;3044;GFT PROMOTORA - GFT;18;SANDRO;1;;;;;;;;;23/01/2026 00:00;N00;;;;;;;;;;;86,04;11,78;0;270;18,53;21;2;GFT - VENDA;27/01/2026 00:00;71
487161;314;63;0;22134461;62;TAB 1 MOTO - TOTAL;MOTOCICLETAS;16000;16000;9102;CARTA DE CRÉDITO - MOTO 16;28/01/2026;28/01/2026;28/01/2026;28/01/2026;AM;ANDAMENTO;;003970;30866485000161;PAMELA MATIAS DA SILVA;3970;PAMELA - GFT ;18;SANDRO;1;;;;;;;;;28/01/2026 00:00;N00;;;;;;;;;;;27,2;3,9;0;216;21,73;25;2;GFT - REPRESENTANTE;29/01/2026 00:00;82
487257;1048;1046;0;22134550;503;TAB 1 AUTO P - REDUZIDA;AUTOMOVEIS;30000;30000;3592;CREDITO AUTO 30;29/01/2026;29/01/2026;29/01/2026;30/01/2026;PE;ANDAMENTO;;003926;12345678909;GFT PROMOTORA DE VENDAS LTDA**vendas 228;3044;GFT PROMOTORA - GFT;18;SANDRO;1;;;;;;;;;29/01/2026 00:00;N00;;;;;;;;;;;34,89;7,5;0;193,86;13,41;22;2;GFT - VENDA;02/02/2026 00:00;80
487309;314;962;0;22134602;62;TAB 1 MOTO - TOTAL;MOTOCICLETAS;15000;15000;9101;CARTA DE CRÉDITO - MOTO 15;29/01/2026;29/01/2026;29/01/2026;29/01/2026;AM;ANDAMENTO;;003970;30866485000161;PAMELA MATIAS DA SILVA;3970;PAMELA - GFT ;18;SANDRO;1;;;;;;;;;29/01/2026 00:00;N00;;;;;;;;;;;25,5;3,66;0;202,5;21,27;25;2;GFT - REPRESENTANTE;30/01/2026 00:00;82
487335;314;964;0;22134627;963;TAB MOTO 71 A 84M ;MOTOCICLETAS;20000;20000;9106;CARTA DE CRÉDITO - MOTO 20;29/01/2026;29/01/2026;29/01/2026;29/01/2026;AM;ANDAMENTO;;003970;30866485000161;PAMELA MATIAS DA SILVA;3970;PAMELA - GFT ;18;SANDRO;1;;;;;;;;;29/01/2026 00:00;N00;;;;;;;;;;;34;4,88;0;270;23,56;25;2;GFT - REPRESENTANTE;30/01/2026 00:00;82
487408;1048;2563;0;22134693;381;AUTO TAB. 1 - PRESTAMISTA;AUTOMOVEIS;45000;45000;3595;CREDITO AUTO 45;29/01/2026;29/01/2026;29/01/2026;29/01/2026;AM;ANDAMENTO;;003970;30866485000161;PAMELA MATIAS DA SILVA;3970;PAMELA - GFT ;18;SANDRO;1;;;;;;;;;29/01/2026 00:00;N00;;;;;;;;;;;78,75;11,25;0;607,5;34,48;22;2;GFT - REPRESENTANTE;30/01/2026 00:00;80
487434;313;2;0;22134719;963;TAB MOTO 71 A 84M ;MOTOCICLETAS;18000;18000;9088;CARTA DE CRÉDITO - MOTO 18;29/01/2026;29/01/2026;29/01/2026;30/01/2026;AM;ANDAMENTO;;003970;30866485000161;PAMELA MATIAS DA SILVA;3970;PAMELA - GFT ;18;SANDRO;1;;;;;;;;;29/01/2026 00:00;N00;;;;;;;;;;;41,87;4,61;0;246,6;22,64;25;2;GFT - REPRESENTANTE;02/02/2026 00:00;78
488551;1038;772;0;22135787;503;TAB 1 AUTO P - REDUZIDA;AUTOMOVEIS;32876,25;32876,25;3251;CREDITO AUTO 30;05/02/2026;05/02/2026;05/02/2026;09/02/2026;PE;ANDAMENTO;;003926;12345678909;GFT PROMOTORA DE VENDAS LTDA**vendas 228;3044;GFT PROMOTORA - GFT;18;SANDRO;1;0;0;357,03;78,44;253,15;11,34;14,1;0;05/02/2026 00:00;N00;;;;;;;;;;;78,44;11,34;0;253,15;14,1;17;2;GFT - VENDA;10/02/2026 00:00;58
483332;1048;1747;0;22130907;381;AUTO TAB. 1 - PRESTAMISTA;AUTOMOVEIS;30000;30000;3592;CREDITO AUTO 30;08/01/2026;08/01/2026;08/01/2026;08/01/2026;AM;ANDAMENTO;;003970;30866485000161;PAMELA MATIAS DA SILVA;3970;PAMELA - GFT ;18;SANDRO;1;;;;;;;;;08/01/2026 00:00;N00;;;;;;;;;;;51;7,41;0;405;22,99;22;2;GFT - REPRESENTANTE;09/01/2026 00:00;81
483580;1041;119;3;22131144;503;TAB 1 AUTO P - REDUZIDA;AUTOMOVEIS;50497,84;50497,84;3345;CREDITO AUTO 46;09/01/2026;09/01/2026;09/01/2026;12/01/2026;PE;ANDAMENTO;29/01/2026;003926;12345678909;GFT PROMOTORA DE VENDAS LTDA**vendas 228;3044;GFT PROMOTORA - GFT;18;SANDRO;1;;;;;;;;;29/01/2026 00:00;E00;;;;;;;;;SOLICITACAO CONSORCIADO;29/01/2026 09:07;89,83;16,31;0;398,83;22,21;20;2;GFT - VENDA;13/01/2026 00:00;62
483982;608;1054;0;22131534;779;TAB IMOVEL RED ;IMOVEIS ;102887,91;102887,91;3063;CARTA DE CREDITO 75 - IMOVEL;12/01/2026;12/01/2026;12/01/2026;13/01/2026;PE;ANDAMENTO;;003276;12345678909;GFT PROMOTORA DE VENDAS LTDA***vendas 85;3044;GFT PROMOTORA - GFT;18;SANDRO;1;;;;;;;;;12/01/2026 00:00;N00;;;;;;;;;;;51,44;14,61;0;411,55;45,25;20;2;GFT - VENDA;14/01/2026 00:00;141
484073;1030;1361;0;22131624;381;AUTO TAB. 1 - PRESTAMISTA;AUTOMOVEIS;91778,36;91778,36;3146;CRÉDITO AUTO 80;13/01/2026;13/01/2026;13/01/2026;13/01/2026;AM;ANDAMENTO;;004123;30866485000161;PAMELA MATIAS DA SILVA VENDAS 3;3970;PAMELA - GFT ;18;SANDRO;1;;;;;;;;;13/01/2026 00:00;N00;;;;;;;;;;;160,62;22,94;0;1239;70,33;22;2;GFT - REPRESENTANTE VENDA;14/01/2026 00:00;80
484344;314;83;0;22131875;62;TAB 1 MOTO - TOTAL;MOTOCICLETAS;15000;15000;9101;CARTA DE CRÉDITO - MOTO 15;14/01/2026;14/01/2026;14/01/2026;14/01/2026;AM;ANDAMENTO;;003970;30866485000161;PAMELA MATIAS DA SILVA;3970;PAMELA - GFT ;18;SANDRO;1;;;;;;;;;14/01/2026 00:00;N00;;;;;;;;;;;25,5;3,62;0;202,5;16,26;25;2;GFT - REPRESENTANTE;15/01/2026 00:00;83
484443;314;900;0;22131966;62;TAB 1 MOTO - TOTAL;MOTOCICLETAS;25000;25000;9111;CARTA DE CRÉDITO - MOTO 25;14/01/2026;14/01/2026;14/01/2026;14/01/2026;AM;ANDAMENTO;;004129;30866485000161;PAMELA MATIAS DA SILVA VENDAS 4;3970;PAMELA - GFT ;18;SANDRO;1;;;;;;;;;14/01/2026 00:00;N00;;;;;;;;;;;42,5;6,03;0;337,5;20,85;25;2;GFT - REPRESENTANTE VENDA;15/01/2026 00:00;83
485197;1043;147;0;22132657;381;AUTO TAB. 1 - PRESTAMISTA;AUTOMOVEIS;70720;70720;3465;CREDITO AUTO 68;17/01/2026;17/01/2026;17/01/2026;17/01/2026;AM;ANDAMENTO;;004129;30866485000161;PAMELA MATIAS DA SILVA VENDAS 4;3970;PAMELA - GFT ;18;SANDRO;1;0;0;1382,43;141,44;1166,88;20,79;53,32;0;09/02/2026 00:00;SC0;;;;;;;;;;;141,44;20,79;0;1166,88;53,32;20;2;GFT - REPRESENTANTE VENDA;19/01/2026 00:00;68
485611;1040;532;0;22133028;964;TAB AUTOS  ATÉ 70M;AUTOMOVEIS;50681;50681;3314;CREDITO AUTO 46;20/01/2026;20/01/2026;20/01/2026;;SP;ANDAMENTO;;003044;17278571000195;GFT PROMOTORA DE VENDAS LTDA;3044;GFT PROMOTORA - GFT;18;SANDRO;;0;0;1068,71;233,13;780,49;16,88;38,21;0;20/01/2026 00:00;N00;;;;;;;;;;;;;;;;;;GFT - WHITE LABEL;;60
486847;610;706;0;22134159;780;IMOVEL LINEAR - RED ;IMOVEIS ;208578,05;208578,04;3384;CRÉDITO IMÓVEL 190;27/01/2026;27/01/2026;27/01/2026;;SP;ANDAMENTO;;004127;15613087000140;11PONTO11 - CONTACT CENTER LTDA;4127;11PONTO11;18;SANDRO;;0;0;828,98;108,04;604,88;23,57;92,49;0;27/01/2026 00:00;N00;;;;;;;;;;;;;;;;;;GFT - REPRESENTANTE;;177
486851;1030;1262;0;22134162;381;AUTO TAB. 1 - PRESTAMISTA;AUTOMOVEIS;103250,65;103250,65;3148;CRÉDITO AUTO 90;27/01/2026;27/01/2026;27/01/2026;28/01/2026;AM;ANDAMENTO;;004123;30866485000161;PAMELA MATIAS DA SILVA VENDAS 3;3970;PAMELA - GFT ;18;SANDRO;1;;;;;;;;;27/01/2026 00:00;N00;;;;;;;;;;;187,5;26,12;0;1393,88;78,48;21;2;GFT - REPRESENTANTE VENDA;29/01/2026 00:00;79
487041;1048;2437;0;22134343;381;AUTO TAB. 1 - PRESTAMISTA;AUTOMOVEIS;35000;35000;3593;CREDITO AUTO 35;28/01/2026;28/01/2026;28/01/2026;28/01/2026;AM;ANDAMENTO;;003970;30866485000161;PAMELA MATIAS DA SILVA;3970;PAMELA - GFT ;18;SANDRO;1;;;;;;;;;28/01/2026 00:00;N00;;;;;;;;;;;61,25;8,75;0;472,5;26,82;22;2;GFT - REPRESENTANTE;29/01/2026 00:00;80
487047;314;952;0;22134349;62;TAB 1 MOTO - TOTAL;MOTOCICLETAS;22000;22000;9108;CARTA DE CRÉDITO - MOTO 22;28/01/2026;28/01/2026;28/01/2026;28/01/2026;AM;ANDAMENTO;;003970;30866485000161;PAMELA MATIAS DA SILVA;3970;PAMELA - GFT ;18;SANDRO;1;;;;;;;;;28/01/2026 00:00;N00;;;;;;;;;;;37,4;5,37;0;297;24,48;25;2;GFT - REPRESENTANTE;29/01/2026 00:00;82
487191;1041;936;0;22134491;968;TAB AUTOS  ATÉ 70M RED;AUTOMOVEIS;80137,88;80137,88;3372;CREDITO AUTO 73;28/01/2026;28/01/2026;28/01/2026;29/01/2026;AM;ANDAMENTO;;003970;30866485000161;PAMELA MATIAS DA SILVA;3970;PAMELA - GFT ;18;SANDRO;1;;;;;;;;;28/01/2026 00:00;N00;;;;;;;;;;;163,16;26,29;0;625,08;35,25;20;2;GFT - REPRESENTANTE;30/01/2026 00:00;61
464795;610;9048;0;22113310;946;TAB IMOVEL L REDUZ ;IMOVEIS ;263467;263467;3389;CRÉDITO IMÓVEL 240;30/09/2025;30/09/2025;30/09/2025;01/10/2025;RO;ANDAMENTO;;003338;39339901000148;J.C.CONSORCIO LTDA;3338;J.C.CONSORCIO;18;SANDRO;3;0;0;103,86;0;0;0;0;103,86;03/02/2026 00:00;N00;;;;;;;;;;;467,17;85,65;0;3503,8;0;21;2;GFT FILIAL-REPRESENTANTE;02/10/2025 00:00;181
464797;610;9050;0;22113312;946;TAB IMOVEL L REDUZ ;IMOVEIS ;263467;263467;3389;CRÉDITO IMÓVEL 240;30/09/2025;30/09/2025;30/09/2025;01/10/2025;RO;ANDAMENTO;;003338;39339901000148;J.C.CONSORCIO LTDA;3338;J.C.CONSORCIO;18;SANDRO;3;0;0;103,86;0;0;0;0;103,86;03/02/2026 00:00;N00;;;;;;;;;;;467,17;85,65;0;3503,8;0;21;2;GFT FILIAL-REPRESENTANTE;02/10/2025 00:00;181
465154;1038;470;3;22113617;928;TAB AUTOS REDUZ - WL 928;AUTOMOVEIS;30684,5;30684,5;3249;CREDITO AUTO 28;02/10/2025;02/10/2025;02/10/2025;07/10/2025;PE;ANDAMENTO;30/01/2026;003131;01003229000142;INFINITE CORRETORA DE CREDITO vendas 02;3094;INFINITE CREDITO - GFT;18;SANDRO;1;0;0;320,32;57,59;239,32;9,91;13,5;0;30/01/2026 00:00;E00;;;;;;;;;PARCELAS EM ATRASO;30/01/2026 00:00;57,59;9,91;0;239,34;13,5;20;2;GFT FILIAL - REPRES VENDA;08/10/2025 00:00;62
465327;1045;503;0;22113771;912;TAB AUTOS - WL 912/913;AUTOMOVEIS;52230;52230;3534;CREDITO AUTO 50;03/10/2025;03/10/2025;03/10/2025;06/10/2025;RO;ANDAMENTO;;003388;49552580000119;CAPITAL PRIME CORRETORA - VENDAS 2;3386;CAPITAL PRIME;18;SANDRO;2;2;57;896,31;127,08;715,58;13,95;39,7;0;16/01/2026 00:00;NN2;;;;;;;;;;;243,25;26,7;0,55;1369,77;76,02;21;2;GFT FILIAL - REPRES VENDA;07/10/2025 00:00;75
465333;1048;486;1;22113777;928;TAB AUTOS REDUZ - WL 928;AUTOMOVEIS;30000;30000;3592;CREDITO AUTO 30;03/10/2025;03/10/2025;03/10/2025;07/10/2025;PE;ANDAMENTO;30/01/2026;003131;01003229000142;INFINITE CORRETORA DE CREDITO vendas 02;3094;INFINITE CREDITO - GFT;18;SANDRO;1;0;0;238,41;12,84;205,02;7,14;13,41;0;30/01/2026 00:00;E00;;;;;;;;;PARCELAS EM ATRASO;30/01/2026 00:00;12,84;7,14;0;205,02;13,41;22;2;GFT FILIAL - REPRES VENDA;08/10/2025 00:00;84
469174;610;9392;0;22117395;780;IMOVEL LINEAR - RED ;IMOVEIS ;329333,75;329333,75;3395;CRÉDITO IMÓVEL 300;23/10/2025;23/10/2025;23/10/2025;24/10/2025;PE;ANDAMENTO;;003478;70182571000170;PORTAL NEGOCIOS E SOLUCOES CORRETORA DE ;3478;PORTAL;18;SANDRO;4;;;;;;;;;23/10/2025 00:00;N00;;;;;;;;;;;600,5;144,6;0;3777,52;0;21;2;GFT FILIAL-REPRESENTANTE;27/10/2025 00:00;180
473305;800;203;0;22121376;918;TAB PESADOS ;CAMINHOES / ONIBUS;149185,66;149185,65;3038;CARTA DE CRÉDITO 110-CAMINHÃO;12/11/2025;12/11/2025;12/11/2025;12/11/2025;AM;ANDAMENTO;;003970;30866485000161;PAMELA MATIAS DA SILVA;3970;PAMELA - GFT ;18;SANDRO;1;1;29;1556,79;158,29;1372,54;25,96;0;0;13/01/2026 00:00;NN1;;;;;;;;;;;159,33;25,96;0;1372,51;0;18;2;GFT - REPRESENTANTE;13/11/2025 00:00;115
473444;1045;452;0;22121506;928;TAB AUTOS REDUZ - WL 928;AUTOMOVEIS;81478,8;81478,8;3548;CREDITO AUTO 78;13/11/2025;13/11/2025;13/11/2025;14/11/2025;SP;ANDAMENTO;;004002;30679749000178;D C BARROS LTDA;402;D C BARROS;18;SANDRO;3;;;;;;;;;18/12/2025 00:00;N00;;;;;;;;;;;318,7;64,12;0,22;1622,92;105,31;21;2;GFT - REPRESENTANTE;17/11/2025 00:00;74
473741;1039;212;0;22121774;928;TAB AUTOS REDUZ - WL 928;AUTOMOVEIS;35141,92;35141,92;3274;CREDITO AUTO 32;14/11/2025;14/11/2025;14/11/2025;14/11/2025;BA;ANDAMENTO;;003094;01003229000142;INFINITE CORRETORA DE CREDITO LTDA;3094;INFINITE CREDITO - GFT;18;SANDRO;2;1;29;366,87;65,96;274,1;11,35;15,46;0;26/01/2026 00:00;SC2;;;;;;;;;;;131,92;22,7;0,82;548,21;30,92;20;2;GFT FILIAL-REPRESENTANTE;17/11/2025 00:00;62
474222;314;295;0;22122221;62;TAB 1 MOTO - TOTAL;MOTOCICLETAS;15000;15000;9101;CARTA DE CRÉDITO - MOTO 15;17/11/2025;17/11/2025;17/11/2025;17/11/2025;AM;ANDAMENTO;;003970;30866485000161;PAMELA MATIAS DA SILVA;3970;PAMELA - GFT ;18;SANDRO;1;1;26;247,83;25,5;202,5;3,57;16,26;0;16/01/2026 00:00;NN1;;;;;;;;;;;25,5;3,57;0;202,5;16,26;25;2;GFT - REPRESENTANTE;18/11/2025 00:00;84
474395;610;515;0;22122392;780;IMOVEL LINEAR - RED ;IMOVEIS ;329333,75;329333,75;3395;CRÉDITO IMÓVEL 300;18/11/2025;18/11/2025;18/11/2025;18/11/2025;PE;ANDAMENTO;;003478;70182571000170;PORTAL NEGOCIOS E SOLUCOES CORRETORA DE ;3478;PORTAL;18;SANDRO;3;;;;;;;;;15/01/2026 00:00;N00;;;;;;;;;;;448,68;108,04;0,76;2822,47;285,53;21;2;GFT FILIAL-REPRESENTANTE;19/11/2025 00:00;180
474463;1048;1484;0;22122457;381;AUTO TAB. 1 - PRESTAMISTA;AUTOMOVEIS;50000;50000;3596;CREDITO AUTO 50;18/11/2025;18/11/2025;18/11/2025;18/11/2025;AM;ANDAMENTO;;003970;30866485000161;PAMELA MATIAS DA SILVA;3970;PAMELA - GFT ;18;SANDRO;1;2;62;810,37;85;675;12,05;38,32;0;13/01/2026 00:00;NN2;;;;;;;;;;;85;12,05;0;675;38,32;22;2;GFT - REPRESENTANTE;19/11/2025 00:00;83
464976;1045;179;0;22113476;928;TAB AUTOS REDUZ - WL 928;AUTOMOVEIS;83568;83568;3549;CREDITO AUTO 80;01/10/2025;01/10/2025;01/10/2025;02/10/2025;SP;ANDAMENTO;;003707;12345678909;GFT PROMOTORA DE VENDAS LTDA*vendas 167;3044;GFT PROMOTORA - GFT;18;SANDRO;4;;;;;;;;;01/10/2025 00:00;N00;;;;;;;;;;;398,96;86,39;0;2211,27;143,47;21;2;GFT - VENDA;03/10/2025 00:00;75
467283;1034;87;6;22115615;928;TAB AUTOS REDUZ - WL 928;AUTOMOVEIS;31717,34;31717,34;3185;CRÉDITO AUTO 28;14/10/2025;14/10/2025;14/10/2025;15/10/2025;RO;ANDAMENTO;30/01/2026;003387;49552580000119;CAPITAL PRIME CORRETORA - VENDAS 1;3386;CAPITAL PRIME;18;SANDRO;1;0;0;413,42;139,18;247,4;13,23;13,61;0;30/01/2026 00:00;E00;;;;;;;;;PARCELAS EM ATRASO;30/01/2026 00:00;139,18;13,23;0;247,4;13,61;17;2;GFT FILIAL - REPRES VENDA;16/10/2025 00:00;48
467424;610;217;0;22115741;946;TAB IMOVEL L REDUZ ;IMOVEIS ;164666,88;164666,87;3380;CRÉDITO IMÓVEL 150;14/10/2025;14/10/2025;14/10/2025;15/10/2025;RO;ANDAMENTO;;003387;49552580000119;CAPITAL PRIME CORRETORA - VENDAS 1;3386;CAPITAL PRIME;18;SANDRO;4;;;;;;;;;14/10/2025 00:00;N00;;;;;;;;;;;386,37;70,82;0;2897,71;285,54;21;2;GFT FILIAL - REPRES VENDA;16/10/2025 00:00;181
467487;1047;867;2;22115803;928;TAB AUTOS REDUZ - WL 928;AUTOMOVEIS;70000;70000;3586;CREDITO AUTO 70;14/10/2025;14/10/2025;14/10/2025;15/10/2025;RO;ANDAMENTO;25/11/2025;003387;49552580000119;CAPITAL PRIME CORRETORA - VENDAS 1;3386;CAPITAL PRIME;18;SANDRO;1;;;;;;;;;25/11/2025 00:00;E00;;;;;;;;;SOLICITACAO CONSORCIADO;25/11/2025 00:00;55,37;17,5;0;478,38;31,29;22;2;GFT FILIAL - REPRES VENDA;16/10/2025 00:00;80
470621;314;155;0;22118783;62;TAB 1 MOTO - TOTAL;MOTOCICLETAS;18000;18000;9104;CARTA DE CRÉDITO - MOTO 18;30/10/2025;30/10/2025;30/10/2025;30/10/2025;AM;ANDAMENTO;;003970;30866485000161;PAMELA MATIAS DA SILVA;3970;PAMELA - GFT ;18;SANDRO;1;1;26;295,52;30,6;243;4,28;17,64;0;16/01/2026 00:00;SC1;;;;;;;;;;;30,6;4,28;0;243;17,64;25;2;GFT - REPRESENTANTE;31/10/2025 00:00;84
471809;1041;196;0;22119943;928;TAB AUTOS REDUZ - WL 928;AUTOMOVEIS;47204,51;47204,51;3342;CREDITO AUTO 43;05/11/2025;05/11/2025;05/11/2025;10/11/2025;BA;ANDAMENTO;;003094;01003229000142;INFINITE CORRETORA DE CREDITO LTDA;3094;INFINITE CREDITO - GFT;18;SANDRO;4;;;;;;;;;29/12/2025 00:00;N00;;;;;;;;;;;294,11;58,45;0;1456,5;82,11;20;2;GFT FILIAL-REPRESENTANTE;11/11/2025 00:00;64
471915;610;9561;0;22120044;780;IMOVEL LINEAR - RED ;IMOVEIS ;164666,88;164666,87;3380;CRÉDITO IMÓVEL 150;06/11/2025;06/11/2025;06/11/2025;06/11/2025;AM;ANDAMENTO;;004002;30679749000178;D C BARROS LTDA;402;D C BARROS;18;SANDRO;3;;;;;;;;;06/11/2025 00:00;N00;;;;;;;;;;;224,34;54,02;0;1411,22;215,79;21;2;GFT - REPRESENTANTE;07/11/2025 00:00;180
472007;1039;66;0;22120132;928;TAB AUTOS REDUZ - WL 928;AUTOMOVEIS;35141,92;35141,92;3274;CREDITO AUTO 32;06/11/2025;06/11/2025;06/11/2025;10/11/2025;PE;ANDAMENTO;;003094;01003229000142;INFINITE CORRETORA DE CREDITO LTDA;3094;INFINITE CREDITO - GFT;18;SANDRO;1;2;62;366,87;65,96;274,1;11,35;15,46;0;13/01/2026 00:00;NN2;;;;;;;;;;;65,96;11,35;0;274,11;15,46;20;2;GFT FILIAL-REPRESENTANTE;11/11/2025 00:00;62
472152;313;547;0;22120272;62;TAB 1 MOTO - TOTAL;MOTOCICLETAS;20000;20000;9090;CARTA DE CRÉDITO - MOTO 20;07/11/2025;07/11/2025;07/11/2025;07/11/2025;AM;ANDAMENTO;;003970;30866485000161;PAMELA MATIAS DA SILVA;3970;PAMELA - GFT ;18;SANDRO;1;1;57;332,14;38,64;270;4,94;18,56;0;16/12/2025 00:00;SC1;;;;;;;;;;;38,64;4,94;0;270;18,56;25;2;GFT - REPRESENTANTE;10/11/2025 00:00;81
473206;1044;814;3;22121289;969;TAB AUTOS 71 A 84M RED ;AUTOMOVEIS;84240;84240;3509;CREDITO AUTO 81;12/11/2025;12/11/2025;12/11/2025;12/11/2025;PI;ANDAMENTO;12/12/2025;003208;55098945000180;LIFEBANK INSTITUICAO DE PAGAMENTOS LTDA;3208;LIFEBANK - GFT;18;SANDRO;1;0;0;768,62;132,17;575,68;23,42;37,35;0;12/12/2025 00:00;E00;;;;;;;;;SOLICITACAO CONSORCIADO;12/12/2025 11:49;132,17;23,42;0;575,7;37,35;21;2;GFT - REPRESENTANTE;13/11/2025 00:00;72
474245;314;317;0;22122243;62;TAB 1 MOTO - TOTAL;MOTOCICLETAS;30000;30000;9116;CARTA DE CRÉDITO - MOTO 30;17/11/2025;17/11/2025;17/11/2025;17/11/2025;AM;ANDAMENTO;;003970;30866485000161;PAMELA MATIAS DA SILVA;3970;PAMELA - GFT ;18;SANDRO;1;1;26;486,26;51;405;7,14;23,12;0;16/01/2026 00:00;NN1;;;;;;;;;;;51;7,14;0;405;23,12;25;2;GFT - REPRESENTANTE;18/11/2025 00:00;84
474387;610;419;0;22122384;780;IMOVEL LINEAR - RED ;IMOVEIS ;329333,75;329333,75;3395;CRÉDITO IMÓVEL 300;18/11/2025;18/11/2025;18/11/2025;18/11/2025;PE;ANDAMENTO;;003478;70182571000170;PORTAL NEGOCIOS E SOLUCOES CORRETORA DE ;3478;PORTAL;18;SANDRO;3;;;;;;;;;15/01/2026 00:00;N00;;;;;;;;;;;448,68;108,04;0,76;2822,47;431,56;21;2;GFT FILIAL-REPRESENTANTE;19/11/2025 00:00;180
477495;800;212;0;22125381;826;TAB PESADOS L NV ;CAMINHOES / ONIBUS;149185,66;149185,65;3038;CARTA DE CRÉDITO 110-CAMINHÃO;02/12/2025;02/12/2025;02/12/2025;02/12/2025;AM;ANDAMENTO;;003970;30866485000161;PAMELA MATIAS DA SILVA;3970;PAMELA - GFT ;18;SANDRO;1;1;29;1671,47;188,12;1342,65;25,96;114,74;0;13/01/2026 00:00;SC1;;;;;;;;;;;188,12;25,96;0;1342,67;114,74;18;2;GFT - REPRESENTANTE;03/12/2025 00:00;115
478411;314;540;0;22126263;963;TAB MOTO 71 A 84M ;MOTOCICLETAS;15000;15000;9101;CARTA DE CRÉDITO - MOTO 15;06/12/2025;06/12/2025;06/12/2025;06/12/2025;AM;ANDAMENTO;;003970;30866485000161;PAMELA MATIAS DA SILVA;3970;PAMELA - GFT ;18;SANDRO;1;1;26;247,83;25,5;202,5;3,57;16,26;0;16/01/2026 00:00;SC1;;;;;;;;;;;25,5;3,57;0;202,5;16,26;25;2;GFT - REPRESENTANTE;09/12/2025 00:00;84
478863;610;665;0;22126692;780;IMOVEL LINEAR - RED ;IMOVEIS ;252489,2;252489,21;3388;CRÉDITO IMÓVEL 230;09/12/2025;09/12/2025;09/12/2025;09/12/2025;SP;ANDAMENTO;;003454;12345678909;GFT PROMOTORA DE VENDAS VENDA 162;3044;GFT PROMOTORA - GFT;18;SANDRO;3;;;;;;;;;13/01/2026 00:00;N00;;;;;;;;;;;363,57;84,84;0;2196,6;111,96;21;2;GFT - VENDA;10/12/2025 00:00;179
479314;1036;263;0;22127116;964;TAB AUTOS  ATÉ 70M;AUTOMOVEIS;108635,32;108635,32;3226;CRÉDITO AUTO 95;11/12/2025;11/12/2025;11/12/2025;11/12/2025;AM;ANDAMENTO;;003970;30866485000161;PAMELA MATIAS DA SILVA;3970;PAMELA - GFT ;18;SANDRO;1;1;29;2665,4;869,08;1672,98;43,45;79,89;0;13/01/2026 00:00;NN1;;;;;;;;;;;869,08;43,45;0;1672,98;79,89;17;2;GFT - REPRESENTANTE;11/12/2025 00:00;50
479404;1048;1996;0;22127205;381;AUTO TAB. 1 - PRESTAMISTA;AUTOMOVEIS;35000;35000;3593;CREDITO AUTO 35;11/12/2025;11/12/2025;11/12/2025;11/12/2025;AM;ANDAMENTO;;003970;30866485000161;PAMELA MATIAS DA SILVA;3970;PAMELA - GFT ;18;SANDRO;1;1;29;565,85;59,5;472,5;8,54;25,31;0;13/01/2026 00:00;SC1;;;;;;;;;;;59,5;8,54;0;472,5;25,31;15;2;GFT - REPRESENTANTE;11/12/2025 00:00;82
479432;1048;2001;0;22127232;381;AUTO TAB. 1 - PRESTAMISTA;AUTOMOVEIS;50000;50000;3596;CREDITO AUTO 50;11/12/2025;11/12/2025;11/12/2025;11/12/2025;AM;ANDAMENTO;;003970;30866485000161;PAMELA MATIAS DA SILVA;3970;PAMELA - GFT ;18;SANDRO;1;1;29;808,35;85;675;12,2;36,15;0;13/01/2026 00:00;NN1;;;;;;;;;;;85;12,2;0;675;36,15;15;2;GFT - REPRESENTANTE;15/12/2025 00:00;82
479651;1045;716;0;22127445;381;AUTO TAB. 1 - PRESTAMISTA;AUTOMOVEIS;52230;52230;3534;CREDITO AUTO 50;12/12/2025;12/12/2025;12/12/2025;12/12/2025;AM;ANDAMENTO;;003970;30866485000161;PAMELA MATIAS DA SILVA;3970;PAMELA - GFT ;18;SANDRO;1;1;26;980,56;104,46;861,79;14,31;0;0;16/01/2026 00:00;NN1;;;;;;;;;;;100;13,7;0;825;0;21;2;GFT - REPRESENTANTE;15/12/2025 00:00;73
479664;1030;1062;0;22127457;503;TAB 1 AUTO P - REDUZIDA;AUTOMOVEIS;91778,36;91778,36;3146;CRÉDITO AUTO 80;12/12/2025;12/12/2025;12/12/2025;12/12/2025;AM;ANDAMENTO;;003970;30866485000161;PAMELA MATIAS DA SILVA;3970;PAMELA - GFT ;18;SANDRO;2;;;;;;;;;12/12/2025 00:00;N00;;;;;;;;;;;196,22;45,34;0;1186,14;82,06;22;2;GFT - REPRESENTANTE;15/12/2025 00:00;81
479823;314;622;0;22127616;62;TAB 1 MOTO - TOTAL;MOTOCICLETAS;28000;28000;9114;CARTA DE CRÉDITO - MOTO 28;13/12/2025;13/12/2025;13/12/2025;15/12/2025;AM;ANDAMENTO;;003970;30866485000161;PAMELA MATIAS DA SILVA;3970;PAMELA - GFT ;18;SANDRO;1;1;26;454,46;47,6;378;6,66;22,2;0;16/01/2026 00:00;NN1;;;;;;;;;;;47,6;6,66;0;378;22,2;25;2;GFT - REPRESENTANTE;15/12/2025 00:00;84
479831;1030;1089;0;22127624;381;AUTO TAB. 1 - PRESTAMISTA;AUTOMOVEIS;68833,77;68833,77;3142;CRÉDITO AUTO 60;13/12/2025;13/12/2025;13/12/2025;15/12/2025;AM;ANDAMENTO;;003970;30866485000161;PAMELA MATIAS DA SILVA;3970;PAMELA - GFT ;18;SANDRO;1;1;26;1063,3;117,02;929,28;17;0;0;16/01/2026 00:00;NN1;;;;;;;;;;;117,02;17;0;929,26;0;22;2;GFT - REPRESENTANTE;15/12/2025 00:00;81
481972;1030;751;0;22129638;381;AUTO TAB. 1 - PRESTAMISTA;AUTOMOVEIS;103250,65;103250,65;3148;CRÉDITO AUTO 90;29/12/2025;29/12/2025;29/12/2025;29/12/2025;AM;ANDAMENTO;;003970;30866485000161;PAMELA MATIAS DA SILVA;3970;PAMELA - GFT ;18;SANDRO;1;;;;;;;;;29/12/2025 00:00;N00;;;;;;;;;;;180,69;25,81;0;1393,88;79,12;22;2;GFT - REPRESENTANTE;30/12/2025 00:00;80
482557;1048;2216;0;22130189;381;AUTO TAB. 1 - PRESTAMISTA;AUTOMOVEIS;40000;40000;3594;CREDITO AUTO 40;05/01/2026;05/01/2026;05/01/2026;05/01/2026;AM;ANDAMENTO;;003970;30866485000161;PAMELA MATIAS DA SILVA;3970;PAMELA - GFT ;18;SANDRO;1;;;;;;;;;07/01/2026 00:00;NCP;;;;;;;;;;;68;9,88;0;540;30,65;22;2;GFT - REPRESENTANTE;05/01/2026 00:00;81
487206;1044;653;0;22134506;503;TAB 1 AUTO P - REDUZIDA;AUTOMOVEIS;97760;97760;3522;CREDITO AUTO 94;28/01/2026;28/01/2026;28/01/2026;29/01/2026;AM;ANDAMENTO;;003970;30866485000161;PAMELA MATIAS DA SILVA;3970;PAMELA - GFT ;18;SANDRO;1;;;;;;;;;28/01/2026 00:00;N00;;;;;;;;;;;97,37;28,35;0;752,75;43;20;2;GFT - REPRESENTANTE;30/01/2026 00:00;69
487300;1048;1742;0;22134593;381;AUTO TAB. 1 - PRESTAMISTA;AUTOMOVEIS;30000;30000;3592;CREDITO AUTO 30;29/01/2026;29/01/2026;29/01/2026;29/01/2026;AM;ANDAMENTO;;003970;30866485000161;PAMELA MATIAS DA SILVA;3970;PAMELA - GFT ;18;SANDRO;1;;;;;;;;;29/01/2026 00:00;N00;;;;;;;;;;;52,5;7,5;0;405;22,99;22;2;GFT - REPRESENTANTE;30/01/2026 00:00;80
487373;314;965;0;22134658;62;TAB 1 MOTO - TOTAL;MOTOCICLETAS;20000;20000;9106;CARTA DE CRÉDITO - MOTO 20;29/01/2026;29/01/2026;29/01/2026;29/01/2026;AM;ANDAMENTO;;003970;30866485000161;PAMELA MATIAS DA SILVA;3970;PAMELA - GFT ;18;SANDRO;1;;;;;;;;;29/01/2026 00:00;N00;;;;;;;;;;;34;4,88;0;270;23,56;25;2;GFT - REPRESENTANTE;30/01/2026 00:00;82
487400;1048;2567;0;22134685;381;AUTO TAB. 1 - PRESTAMISTA;AUTOMOVEIS;50000;50000;3596;CREDITO AUTO 50;29/01/2026;29/01/2026;29/01/2026;30/01/2026;AM;ANDAMENTO;;003970;30866485000161;PAMELA MATIAS DA SILVA;3970;PAMELA - GFT ;18;SANDRO;1;;;;;;;;;29/01/2026 00:00;N00;;;;;;;;;;;87,5;12,5;0;675;38,32;22;2;GFT - REPRESENTANTE;02/02/2026 00:00;80
487414;610;1044;0;22134699;780;IMOVEL LINEAR - RED ;IMOVEIS ;186622,45;186622,46;3382;CRÉDITO IMÓVEL 170;29/01/2026;29/01/2026;29/01/2026;29/01/2026;AM;ANDAMENTO;;003970;30866485000161;PAMELA MATIAS DA SILVA;3970;PAMELA - GFT ;18;SANDRO;1;;;;;;;;;29/01/2026 00:00;N00;;;;;;;;;;;96,67;21,09;0;541,21;82,75;21;2;GFT - REPRESENTANTE;30/01/2026 00:00;177
487705;608;95;0;22134975;777;TAB7 IMOVEL ;IMOVEIS ;150902,25;150902,25;3070;CARTA DE CREDITO 110 - IMOVEL;30/01/2026;30/01/2026;30/01/2026;02/02/2026;AM;ANDAMENTO;;004123;30866485000161;PAMELA MATIAS DA SILVA VENDAS 3;3970;PAMELA - GFT ;18;SANDRO;1;;;;;;;;;30/01/2026 00:00;N00;;;;;;;;;;;150,9;21,58;0;1207,22;66,37;20;2;GFT - REPRESENTANTE VENDA;03/02/2026 00:00;140
488041;1044;39;0;22135296;503;TAB 1 AUTO P - REDUZIDA;AUTOMOVEIS;85280;85280;3510;CREDITO AUTO 82;02/02/2026;02/02/2026;02/02/2026;02/02/2026;BA;ANDAMENTO;;004027;26463423000131;JONE RIVES RAMOS ALECRIM vendas 1;3044;GFT PROMOTORA - GFT;18;SANDRO;1;;;;;;;;;02/02/2026 00:00;N00;;;;;;;;;;;84,94;24,73;0;656,66;37,51;20;2;GFT - REPRESENTANTE VENDA;03/02/2026 00:00;69
488418;314;981;0;22135655;963;TAB MOTO 71 A 84M ;MOTOCICLETAS;27000;27000;9113;CARTA DE CRÉDITO - MOTO 27;04/02/2026;04/02/2026;04/02/2026;05/02/2026;AM;ANDAMENTO;;003970;30866485000161;PAMELA MATIAS DA SILVA;3970;PAMELA - GFT ;18;SANDRO;1;;;;;;;;;04/02/2026 00:00;N00;;;;;;;;;;;45,9;6,59;0;364,5;26,75;25;2;GFT - REPRESENTANTE;06/02/2026 00:00;82
488518;1030;1671;0;22135754;381;AUTO TAB. 1 - PRESTAMISTA;AUTOMOVEIS;103250,65;103250,65;3148;CRÉDITO AUTO 90;04/02/2026;04/02/2026;04/02/2026;09/02/2026;AM;ANDAMENTO;;004123;30866485000161;PAMELA MATIAS DA SILVA VENDAS 3;3970;PAMELA - GFT ;18;SANDRO;1;0;0;1685,98;187,5;1393,88;26,12;78,48;0;04/02/2026 00:00;N00;;;;;;;;;;;187,5;26,12;0;1393,88;78,48;21;2;GFT - REPRESENTANTE VENDA;10/02/2026 00:00;79
488751;1030;1694;0;22135958;381;AUTO TAB. 1 - PRESTAMISTA;AUTOMOVEIS;74569,91;74569,91;3143;CRÉDITO AUTO 65;05/02/2026;05/02/2026;05/02/2026;;AM;ANDAMENTO;;003970;30866485000161;PAMELA MATIAS DA SILVA;3970;PAMELA - GFT ;18;SANDRO;;0;0;1217,66;135,42;1006,69;18,87;56,68;0;05/02/2026 00:00;N00;;;;;;;;;;;;;;;;;;GFT - REPRESENTANTE;;79
488866;610;893;0;22136060;780;IMOVEL LINEAR - RED ;IMOVEIS ;252489,2;252489,21;3388;CRÉDITO IMÓVEL 230;06/02/2026;06/02/2026;06/02/2026;;SP;ANDAMENTO;;003044;17278571000195;GFT PROMOTORA DE VENDAS LTDA;3044;GFT PROMOTORA - GFT;18;SANDRO;;0;0;1003,5;130,79;732,22;28,53;111,96;0;06/02/2026 00:00;N00;;;;;;;;;;;;;;;;;;GFT - WHITE LABEL;;177
474391;610;413;0;22122388;780;IMOVEL LINEAR - RED ;IMOVEIS ;329333,75;329333,75;3395;CRÉDITO IMÓVEL 300;18/11/2025;18/11/2025;18/11/2025;18/11/2025;PE;ANDAMENTO;;003478;70182571000170;PORTAL NEGOCIOS E SOLUCOES CORRETORA DE ;3478;PORTAL;18;SANDRO;3;;;;;;;;;15/01/2026 00:00;N00;;;;;;;;;;;448,68;108,04;0,76;2822,47;431,56;21;2;GFT FILIAL-REPRESENTANTE;19/11/2025 00:00;180
474441;1048;1483;0;22122435;969;TAB AUTOS 71 A 84M RED ;AUTOMOVEIS;45000;45000;3595;CREDITO AUTO 45;18/11/2025;18/11/2025;18/11/2025;18/11/2025;AM;ANDAMENTO;;003970;30866485000161;PAMELA MATIAS DA SILVA;3970;PAMELA - GFT ;18;SANDRO;1;2;62;361,59;23,17;307,46;10,84;20,12;0;28/01/2026 00:00;SC2;;;;;;;;;;;23,18;10,84;0;307,53;20,12;22;2;GFT - REPRESENTANTE;19/11/2025 00:00;83
476603;1048;1038;0;22124502;689;TAB AUTO WL RED FUNCIONARIO;AUTOMOVEIS;40000;40000;3594;CREDITO AUTO 40;28/11/2025;28/11/2025;28/11/2025;28/11/2025;RO;ANDAMENTO;;003044;17278571000195;GFT PROMOTORA DE VENDAS LTDA;3044;GFT PROMOTORA - GFT;18;SANDRO;2;;;;;;;;;16/01/2026 00:00;N00;;;;;;;;;;;226,32;19,52;0,38;320;32,88;12;2;GFT - WHITE LABEL;01/12/2025 00:00;82
477504;314;443;0;22125390;62;TAB 1 MOTO - TOTAL;MOTOCICLETAS;30000;30000;9116;CARTA DE CRÉDITO - MOTO 30;02/12/2025;02/12/2025;02/12/2025;02/12/2025;AM;ANDAMENTO;;003970;30866485000161;PAMELA MATIAS DA SILVA;3970;PAMELA - GFT ;18;SANDRO;1;1;26;486,26;51;405;7,14;23,12;0;16/01/2026 00:00;NN1;;;;;;;;;;;51;7,14;0;405;23,12;25;2;GFT - REPRESENTANTE;03/12/2025 00:00;84
478124;1045;406;0;22125979;503;TAB 1 AUTO P - REDUZIDA;AUTOMOVEIS;77300,4;77300,4;3546;CREDITO AUTO 74;05/12/2025;05/12/2025;05/12/2025;08/12/2025;PE;ANDAMENTO;;003926;12345678909;GFT PROMOTORA DE VENDAS LTDA**vendas 228;3044;GFT PROMOTORA - GFT;18;SANDRO;2;;;;;;;;;05/12/2025 00:00;N00;;;;;;;;;;;276,27;41,46;0;977,7;67,09;21;2;GFT - VENDA;09/12/2025 00:00;73
478843;610;658;0;22126677;780;IMOVEL LINEAR - RED ;IMOVEIS ;252489,2;252489,21;3388;CRÉDITO IMÓVEL 230;09/12/2025;09/12/2025;09/12/2025;09/12/2025;SP;ANDAMENTO;;003454;12345678909;GFT PROMOTORA DE VENDAS VENDA 162;3044;GFT PROMOTORA - GFT;18;SANDRO;3;;;;;;;;;09/12/2025 00:00;N00;;;;;;;;;;;363,57;84,84;0;2196,6;111,96;21;2;GFT - VENDA;10/12/2025 00:00;179
479127;800;30;0;22126937;826;TAB PESADOS L NV ;CAMINHOES / ONIBUS;176310,31;176310,31;3040;CARTA DE CRÉDITO 130-CAMINHÃO;10/12/2025;10/12/2025;10/12/2025;10/12/2025;ES;ANDAMENTO;;003941;12345678909;GFT PROMOTORA DE VENDAS LTDA**vendas 243;3044;GFT PROMOTORA - GFT;18;SANDRO;2;;;;;;;;;10/12/2025 00:00;N00;;;;;;;;;;;444,66;61,36;0;3173,6;271,2;18;2;GFT - VENDA;11/12/2025 00:00;115
479853;314;630;0;22127646;963;TAB MOTO 71 A 84M ;MOTOCICLETAS;29000;29000;9115;CARTA DE CRÉDITO - MOTO 29;13/12/2025;13/12/2025;13/12/2025;15/12/2025;AM;ANDAMENTO;;003970;30866485000161;PAMELA MATIAS DA SILVA;3970;PAMELA - GFT ;18;SANDRO;1;1;26;470,37;49,3;391,5;6,9;22,67;0;16/01/2026 00:00;NN1;;;;;;;;;;;49,3;6,9;0;391,5;22,67;25;2;GFT - REPRESENTANTE;15/12/2025 00:00;84
482309;1048;1997;0;22129941;381;AUTO TAB. 1 - PRESTAMISTA;AUTOMOVEIS;50000;50000;3596;CREDITO AUTO 50;31/12/2025;31/12/2025;31/12/2025;31/12/2025;AM;ANDAMENTO;;003970;30866485000161;PAMELA MATIAS DA SILVA;3970;PAMELA - GFT ;18;SANDRO;1;;;;;;;;;31/12/2025 00:00;N00;;;;;;;;;;;85;12,35;0;675;0;22;2;GFT - REPRESENTANTE;05/01/2026 00:00;81
482397;313;13;0;22130029;62;TAB 1 MOTO - TOTAL;MOTOCICLETAS;20000;20000;9090;CARTA DE CRÉDITO - MOTO 20;02/01/2026;02/01/2026;02/01/2026;02/01/2026;AM;ANDAMENTO;;003970;30866485000161;PAMELA MATIAS DA SILVA;3970;PAMELA - GFT ;18;SANDRO;1;;;;;;;;;02/01/2026 00:00;N00;;;;;;;;;;;34;5,06;0;330;18,56;25;2;GFT - REPRESENTANTE;05/01/2026 00:00;79
482537;1040;166;0;22130169;964;TAB AUTOS  ATÉ 70M;AUTOMOVEIS;67207,42;67207,42;3329;CREDITO AUTO 61;05/01/2026;05/01/2026;05/01/2026;05/01/2026;AM;ANDAMENTO;;003970;30866485000161;PAMELA MATIAS DA SILVA;3970;PAMELA - GFT ;18;SANDRO;1;;;;;;;;;05/01/2026 00:00;N00;;;;;;;;;;;287,11;22,04;0;1034,99;50,67;20;2;GFT - REPRESENTANTE;05/01/2026 00:00;61
483209;1038;518;0;22130795;381;AUTO TAB. 1 - PRESTAMISTA;AUTOMOVEIS;32876,25;32876,25;3251;CREDITO AUTO 30;08/01/2026;08/01/2026;08/01/2026;08/01/2026;BA;ANDAMENTO;;003926;12345678909;GFT PROMOTORA DE VENDAS LTDA**vendas 228;3044;GFT PROMOTORA - GFT;18;SANDRO;2;;;;;;;;;08/01/2026 00:00;N00;;;;;;;;;;;219,02;22,29;0;1084,91;48,36;17;2;GFT - VENDA;09/01/2026 00:00;59
484354;314;898;0;22131885;62;TAB 1 MOTO - TOTAL;MOTOCICLETAS;15000;15000;9101;CARTA DE CRÉDITO - MOTO 15;14/01/2026;14/01/2026;14/01/2026;14/01/2026;AM;ANDAMENTO;;003970;30866485000161;PAMELA MATIAS DA SILVA;3970;PAMELA - GFT ;18;SANDRO;1;;;;;;;;;14/01/2026 00:00;N00;;;;;;;;;;;25,5;3,62;0;202,5;16,26;25;2;GFT - REPRESENTANTE;15/01/2026 00:00;83
484634;1048;2602;0;22132130;381;AUTO TAB. 1 - PRESTAMISTA;AUTOMOVEIS;60000;60000;3598;CREDITO AUTO 60;15/01/2026;15/01/2026;15/01/2026;15/01/2026;RR;ANDAMENTO;;004129;30866485000161;PAMELA MATIAS DA SILVA VENDAS 4;3970;PAMELA - GFT ;18;SANDRO;1;;;;;;;;;15/01/2026 00:00;N00;;;;;;;;;;;102;14,82;0;810;45,98;22;2;GFT - REPRESENTANTE VENDA;16/01/2026 00:00;81
484642;1048;2605;0;22132135;381;AUTO TAB. 1 - PRESTAMISTA;AUTOMOVEIS;50000;50000;3596;CREDITO AUTO 50;15/01/2026;15/01/2026;15/01/2026;15/01/2026;AM;ANDAMENTO;;004129;30866485000161;PAMELA MATIAS DA SILVA VENDAS 4;3970;PAMELA - GFT ;18;SANDRO;1;;;;;;;;;22/01/2026 00:00;SC0;;;;;;;;;;;85;12,35;0;675;38,32;22;2;GFT - REPRESENTANTE VENDA;16/01/2026 00:00;81
485384;1042;377;0;22132813;964;TAB AUTOS  ATÉ 70M;AUTOMOVEIS;47840;47840;3402;CREDITO AUTO 46;19/01/2026;19/01/2026;19/01/2026;19/01/2026;AM;ANDAMENTO;;004129;30866485000161;PAMELA MATIAS DA SILVA VENDAS 4;3970;PAMELA - GFT ;18;SANDRO;1;;;;;;;;;19/01/2026 00:00;N00;;;;;;;;;;;133,09;14,5;0;736,74;36,07;20;2;GFT - REPRESENTANTE VENDA;20/01/2026 00:00;66
485623;610;488;0;22133040;778;TAB1 IMOVEL ;IMOVEIS ;208578,05;208578,04;3384;CRÉDITO IMÓVEL 190;20/01/2026;20/01/2026;20/01/2026;21/01/2026;AM;ANDAMENTO;;004123;30866485000161;PAMELA MATIAS DA SILVA VENDAS 3;3970;PAMELA - GFT ;18;SANDRO;1;;;;;;;;;20/01/2026 00:00;N00;;;;;;;;;;;161,86;23,57;0;1564,34;92,49;21;2;GFT - REPRESENTANTE VENDA;22/01/2026 00:00;177
485676;610;649;0;22133093;778;TAB1 IMOVEL ;IMOVEIS ;219555,83;219555,83;3385;CRÉDITO IMÓVEL 200;20/01/2026;20/01/2026;20/01/2026;21/01/2026;RR;ANDAMENTO;;004123;30866485000161;PAMELA MATIAS DA SILVA VENDAS 3;3970;PAMELA - GFT ;18;SANDRO;1;;;;;;;;;20/01/2026 00:00;N00;;;;;;;;;;;170,38;24,81;0;1646,67;0;21;2;GFT - REPRESENTANTE VENDA;22/01/2026 00:00;177
485751;1030;1452;0;22133154;503;TAB 1 AUTO P - REDUZIDA;AUTOMOVEIS;63097,62;63097,62;3141;CRÉDITO AUTO 55;21/01/2026;21/01/2026;21/01/2026;21/01/2026;BA;ANDAMENTO;;004027;26463423000131;JONE RIVES RAMOS ALECRIM vendas 1;3044;GFT PROMOTORA - GFT;18;SANDRO;1;;;;;;;;;21/01/2026 00:00;N00;;;;;;;;;;;75,15;15,9;0;406,07;27,98;21;2;GFT - REPRESENTANTE VENDA;21/01/2026 00:00;79
486109;1042;710;0;22133474;381;AUTO TAB. 1 - PRESTAMISTA;AUTOMOVEIS;48880;48880;3403;CREDITO AUTO 47;22/01/2026;22/01/2026;22/01/2026;22/01/2026;AM;ANDAMENTO;;003970;30866485000161;PAMELA MATIAS DA SILVA;3970;PAMELA - GFT ;18;SANDRO;1;;;;;;;;;22/01/2026 00:00;N00;;;;;;;;;;;97,76;14,81;0;806,52;36,85;20;2;GFT - REPRESENTANTE;23/01/2026 00:00;66
486233;903;59;0;22133590;960;TAB SERVIÇO ATÉ 70M;SERVIÇOS;50000;50000;9068;SERVIÇOS 50;23/01/2026;23/01/2026;23/01/2026;27/01/2026;PE;ANDAMENTO;;003709;12345678909;GFT PROMOTORA DE VENDAS LTDA*vendas 169;3044;GFT PROMOTORA - GFT;18;SANDRO;1;;;;;;;;;23/01/2026 00:00;N00;;;;;;;;;;;400;50;0;770;21,99;17;5;GFT - VENDA;28/01/2026 00:00;50
487104;1030;1371;0;22134405;503;TAB 1 AUTO P - REDUZIDA;AUTOMOVEIS;103250,65;103250,65;3148;CRÉDITO AUTO 90;28/01/2026;28/01/2026;28/01/2026;28/01/2026;AM;ANDAMENTO;;003970;30866485000161;PAMELA MATIAS DA SILVA;3970;PAMELA - GFT ;18;SANDRO;1;;;;;;;;;28/01/2026 00:00;N00;;;;;;;;;;;123,49;26,12;0;667,21;45,78;21;2;GFT - REPRESENTANTE;29/01/2026 00:00;79
487157;1042;936;0;22134457;503;TAB 1 AUTO P - REDUZIDA;AUTOMOVEIS;45760;45760;3400;CREDITO AUTO 44;28/01/2026;28/01/2026;28/01/2026;28/01/2026;BA;ANDAMENTO;;004027;26463423000131;JONE RIVES RAMOS ALECRIM vendas 1;3044;GFT PROMOTORA - GFT;18;SANDRO;1;;;;;;;;;28/01/2026 00:00;N00;;;;;;;;;;;63,65;13,87;0;352,35;20,13;20;2;GFT - REPRESENTANTE VENDA;29/01/2026 00:00;66
487213;1048;2522;0;22134513;381;AUTO TAB. 1 - PRESTAMISTA;AUTOMOVEIS;30000;30000;3592;CREDITO AUTO 30;28/01/2026;28/01/2026;28/01/2026;29/01/2026;AM;ANDAMENTO;;003970;30866485000161;PAMELA MATIAS DA SILVA;3970;PAMELA - GFT ;18;SANDRO;1;;;;;;;;;28/01/2026 00:00;N00;;;;;;;;;;;52,5;7,5;0;405;22,99;22;2;GFT - REPRESENTANTE;30/01/2026 00:00;80
487307;314;961;0;22134600;62;TAB 1 MOTO - TOTAL;MOTOCICLETAS;15000;15000;9101;CARTA DE CRÉDITO - MOTO 15;29/01/2026;29/01/2026;29/01/2026;30/01/2026;AM;ANDAMENTO;;003970;30866485000161;PAMELA MATIAS DA SILVA;3970;PAMELA - GFT ;18;SANDRO;1;;;;;;;;;09/02/2026 00:00;NCP;;;;;;;;;;;25,5;3,66;0;202,5;21,27;25;2;GFT - REPRESENTANTE;02/02/2026 00:00;82
487393;800;217;0;22134678;935;TAB PESADOS RED - WL GFT;CAMINHOES / ONIBUS;176310,31;176310,31;3040;CARTA DE CRÉDITO 130-CAMINHÃO;29/01/2026;29/01/2026;29/01/2026;09/02/2026;AM;ANDAMENTO;;003970;30866485000161;PAMELA MATIAS DA SILVA;3970;PAMELA - GFT ;18;SANDRO;1;0;0;951,72;180,01;740,5;31,21;0;0;29/01/2026 00:00;N00;;;;;;;;;;;180,01;31,21;0;740,5;0;18;2;GFT - REPRESENTANTE;10/02/2026 00:00;113
487436;800;222;0;22134721;935;TAB PESADOS RED - WL GFT;CAMINHOES / ONIBUS;189872,66;189872,66;3041;CARTA DE CRÉDITO 140-CAMINHÃO;29/01/2026;29/01/2026;29/01/2026;;BA;ANDAMENTO;;004084;12345678909;GFT PROMOTORA DE VENDAS LTDA***venda 258;3044;GFT PROMOTORA - GFT;18;SANDRO;;0;0;1024,94;193,86;797,47;33,61;0;0;29/01/2026 00:00;N00;;;;;;;;;;;;;;;;;;GFT - VENDA;;113
488155;1048;291;0;22135399;503;TAB 1 AUTO P - REDUZIDA;AUTOMOVEIS;55000;55000;3597;CREDITO AUTO 55;03/02/2026;03/02/2026;03/02/2026;;AM;ANDAMENTO;;003970;30866485000161;PAMELA MATIAS DA SILVA;3970;PAMELA - GFT ;18;SANDRO;;0;0;457,72;63,97;355,41;13,75;24,59;0;03/02/2026 00:00;N00;;;;;;;;;;;;;;;;;;GFT - REPRESENTANTE;;80
435736;1032;206;4;22088104;912;TAB AUTOS - WL 912/913;AUTOMOVEIS;47879,15;47879,15;3157;CRÉDITO AUTO 42;12/05/2025;12/05/2025;12/05/2025;13/05/2025;PA;ANDAMENTO;29/08/2025;003228;12345678909;GFT PROMOTORA DE VENDAS LTDA***vendas 72;3044;GFT PROMOTORA - GFT;18;SANDRO;1;0;0;1193,24;361,06;777,19;19,78;35,21;0;29/08/2025 00:00;E00;;;;;;;;;PARCELAS EM ATRASO;29/08/2025 00:00;341,55;17,75;0;697,49;35,21;17;2;GFT - VENDA;14/05/2025 00:00;51
438937;1045;279;2;22091022;928;TAB AUTOS REDUZ - WL 928;AUTOMOVEIS;73122;73122;3544;CREDITO AUTO 70;29/05/2025;29/05/2025;29/05/2025;29/05/2025;CE;ANDAMENTO;23/12/2025;003324;55098945000180;LIFEBANK INSTITUICAO DE PAG LTDA*VENDA 1;3208;LIFEBANK - GFT;18;SANDRO;3;0;0;584,81;57,68;478,38;17,71;31,04;0;23/12/2025 00:00;E00;;;;;;;;;PARCELAS EM ATRASO;23/12/2025 00:00;173,04;53,13;0,18;1435,14;93,12;21;2;GFT - REPRESENTANTE VENDA;30/05/2025 00:00;79
439045;1044;1500;2;22091123;928;TAB AUTOS REDUZ - WL 928;AUTOMOVEIS;104000;104000;3528;CREDITO AUTO 100;29/05/2025;29/05/2025;29/05/2025;30/05/2025;RO;ANDAMENTO;30/09/2025;003388;49552580000119;CAPITAL PRIME CORRETORA - VENDAS 2;3386;CAPITAL PRIME;18;SANDRO;1;0;0;856,04;102,3;683,4;26;44,34;0;30/09/2025 00:00;E00;;;;;;;;;PARCELAS EM ATRASO;30/09/2025 00:00;102,3;26;0;683,4;44,34;21;2;GFT FILIAL - REPRES VENDA;02/06/2025 00:00;77
439279;610;2818;1;22091312;946;TAB IMOVEL L REDUZ ;IMOVEIS ;197600,25;197600,25;3383;CRÉDITO IMÓVEL 180;30/05/2025;30/05/2025;30/05/2025;30/05/2025;RO;ANDAMENTO;30/09/2025;003388;49552580000119;CAPITAL PRIME CORRETORA - VENDAS 2;3386;CAPITAL PRIME;18;SANDRO;1;0;0;1066,8;113,26;849,45;20,39;83,7;0;30/09/2025 00:00;E00;;;;;;;;;PARCELAS EM ATRASO;30/09/2025 00:00;113,26;20,39;0;849,45;83,7;21;2;GFT FILIAL - REPRES VENDA;02/06/2025 00:00;185
440094;1046;1675;1;22092043;928;TAB AUTOS REDUZ - WL 928;AUTOMOVEIS;40000;40000;3550;CREDITO AUTO 40;04/06/2025;04/06/2025;04/06/2025;06/06/2025;PA;ANDAMENTO;31/10/2025;003388;49552580000119;CAPITAL PRIME CORRETORA - VENDAS 2;3386;CAPITAL PRIME;18;SANDRO;2;0;0;318,84;24,2;267,24;9,52;17,88;0;31/10/2025 00:00;E00;;;;;;;;;PARCELAS EM ATRASO;31/10/2025 00:00;48,94;19,74;0;552,83;35,76;22;2;GFT FILIAL - REPRES VENDA;09/06/2025 00:00;82
442606;610;8208;1;22094322;946;TAB IMOVEL L REDUZ ;IMOVEIS ;263467;263467;3389;CRÉDITO IMÓVEL 240;17/06/2025;17/06/2025;17/06/2025;18/06/2025;PE;ANDAMENTO;12/08/2025;003389;49552580000119;CAPITAL PRIME CORRETORA - VENDAS 3;3386;CAPITAL PRIME;18;SANDRO;1;0;0;1422,36;151,01;1132,57;27,18;111,6;0;09/01/2026 00:00;A00;;;;;;;;;SOLICITACAO CONSORCIADO;12/08/2025 14:37;151,01;27,18;0;1132,6;111,6;21;2;GFT FILIAL - REPRES VENDA;20/06/2025 00:00;185
443678;610;8275;1;22095303;688;TAB IMOVEL RED WL FUNCIONARIO;IMOVEIS ;164666,88;164666,87;3380;CRÉDITO IMÓVEL 150;23/06/2025;23/06/2025;23/06/2025;24/06/2025;AL;ANDAMENTO;31/10/2025;003044;17278571000195;GFT PROMOTORA DE VENDAS LTDA;3044;GFT PROMOTORA - GFT;18;SANDRO;1;0;0;579,9;212,68;283,15;17,15;66,92;0;31/10/2025 00:00;E00;;;;;;;;;PARCELAS EM ATRASO;31/10/2025 00:00;212,68;17,15;0;283,15;66,92;16;2;GFT - WHITE LABEL;25/06/2025 00:00;184
443728;1046;659;2;22095352;689;TAB AUTO WL RED FUNCIONARIO;AUTOMOVEIS;40000;40000;3550;CREDITO AUTO 40;24/06/2025;24/06/2025;24/06/2025;26/06/2025;AM;ANDAMENTO;31/10/2025;003044;17278571000195;GFT PROMOTORA DE VENDAS LTDA;3044;GFT PROMOTORA - GFT;18;SANDRO;1;0;0;302,88;116,56;160;9,88;16,44;0;31/10/2025 00:00;E00;;;;;;;;;PARCELAS EM ATRASO;31/10/2025 00:00;116,56;9,88;0;160;16,44;12;2;GFT - WHITE LABEL;27/06/2025 00:00;81
444065;610;190;0;22095611;688;TAB IMOVEL RED WL FUNCIONARIO;IMOVEIS ;329333,75;329333,75;3395;CRÉDITO IMÓVEL 300;25/06/2025;25/06/2025;25/06/2025;25/06/2025;CE;ANDAMENTO;;003044;17278571000195;GFT PROMOTORA DE VENDAS LTDA;3044;GFT PROMOTORA - GFT;18;SANDRO;7;;;;;;;;;19/01/2026 00:00;N00;;;;;;;;;;;3017,13;243,37;2,11;4017,08;949,35;16;2;GFT - WHITE LABEL;30/06/2025 00:00;184
448338;312;48;1;22099504;944;TAB 1 MOTO - WL;MOTOCICLETAS;15000;15000;9069;CARTA DE CRÉDITO - MOTO15;16/07/2025;16/07/2025;16/07/2025;17/07/2025;AM;ANDAMENTO;28/11/2025;003160;12345678909;GFT PROMOTORA DE VENDAS LTDA - vendas 40;3078;GFT FILIAL PROMOTORA - GFT;18;SANDRO;1;0;0;251,45;25,98;205,5;3,71;16,26;0;28/11/2025 00:00;E00;;;;;;;;;PARCELAS EM ATRASO;28/11/2025 00:00;25,98;3,71;0;205,5;16,26;25;2;GFT FILIAL - VENDA;18/07/2025 00:00;81
449161;1034;72;7;22100237;928;TAB AUTOS REDUZ - WL 928;AUTOMOVEIS;36248,38;36248,38;3187;CRÉDITO AUTO 32;21/07/2025;21/07/2025;21/07/2025;21/07/2025;PE;ANDAMENTO;28/11/2025;003474;32723944000183;A B ALVES INVESTIMENTOS EM CREDITOS;3474;A B ALVES;18;SANDRO;1;0;0;454,16;141,37;282,74;14,5;15,55;0;28/11/2025 00:00;E00;;;;;;;;;PARCELAS EM ATRASO;28/11/2025 00:00;141,37;14,5;0;282,74;15,55;17;2;GFT - REPRESENTANTE;22/07/2025 00:00;50
475126;314;351;0;22123093;62;TAB 1 MOTO - TOTAL;MOTOCICLETAS;15000;15000;9101;CARTA DE CRÉDITO - MOTO 15;21/11/2025;21/11/2025;21/11/2025;21/11/2025;AM;ANDAMENTO;;003970;30866485000161;PAMELA MATIAS DA SILVA;3970;PAMELA - GFT ;18;SANDRO;1;1;26;247,83;25,5;202,5;3,57;16,26;0;16/01/2026 00:00;NN1;;;;;;;;;;;25,5;3,57;0;202,5;16,26;25;2;GFT - REPRESENTANTE;24/11/2025 00:00;84
475209;1048;1608;0;22123176;965;TAB AUTOS 71 A 84M ;AUTOMOVEIS;30000;30000;3592;CREDITO AUTO 30;22/11/2025;22/11/2025;22/11/2025;24/11/2025;AM;ANDAMENTO;;003970;30866485000161;PAMELA MATIAS DA SILVA;3970;PAMELA - GFT ;18;SANDRO;1;1;29;476,65;35,34;411;7,32;22,99;0;13/01/2026 00:00;NN1;;;;;;;;;;;35,34;7,32;0;411;22,99;22;2;GFT - REPRESENTANTE;25/11/2025 00:00;82
475254;314;360;0;22123221;62;TAB 1 MOTO - TOTAL;MOTOCICLETAS;15000;15000;9101;CARTA DE CRÉDITO - MOTO 15;22/11/2025;22/11/2025;22/11/2025;24/11/2025;AM;ANDAMENTO;;003970;30866485000161;PAMELA MATIAS DA SILVA;3970;PAMELA - GFT ;18;SANDRO;2;;;;;;;;;22/11/2025 00:00;N00;;;;;;;;;;;51;7,14;0;405;32,52;25;2;GFT - REPRESENTANTE;25/11/2025 00:00;84
475664;1041;81;0;22123601;928;TAB AUTOS REDUZ - WL 928;AUTOMOVEIS;47204,51;47204,51;3342;CREDITO AUTO 43;25/11/2025;25/11/2025;25/11/2025;25/11/2025;BA;ANDAMENTO;;003094;01003229000142;INFINITE CORRETORA DE CREDITO LTDA;3094;INFINITE CREDITO - GFT;18;SANDRO;1;1;29;485,29;81,38;368,19;14,96;20,76;0;13/01/2026 00:00;NN1;;;;;;;;;;;76,53;14,07;0;346,26;19,83;20;2;GFT FILIAL-REPRESENTANTE;26/11/2025 00:00;63
477920;1039;247;0;22125779;928;TAB AUTOS REDUZ - WL 928;AUTOMOVEIS;35141,92;35141,92;3274;CREDITO AUTO 32;04/12/2025;04/12/2025;04/12/2025;08/12/2025;PE;ANDAMENTO;;003094;01003229000142;INFINITE CORRETORA DE CREDITO LTDA;3094;INFINITE CREDITO - GFT;18;SANDRO;1;1;29;372,65;71,55;274,11;11,53;15,46;0;13/01/2026 00:00;NN1;;;;;;;;;;;71,55;11,53;0;274,11;15,46;20;2;GFT FILIAL-REPRESENTANTE;09/12/2025 00:00;61
478514;1048;1797;0;22126364;381;AUTO TAB. 1 - PRESTAMISTA;AUTOMOVEIS;50000;50000;3596;CREDITO AUTO 50;08/12/2025;08/12/2025;08/12/2025;08/12/2025;AM;ANDAMENTO;;003970;30866485000161;PAMELA MATIAS DA SILVA;3970;PAMELA - GFT ;18;SANDRO;1;1;29;808,35;85;675;12,2;36,15;0;13/01/2026 00:00;NN1;;;;;;;;;;;85;12,2;0;675;36,15;15;2;GFT - REPRESENTANTE;09/12/2025 00:00;82
479292;1048;1974;0;22127094;503;TAB 1 AUTO P - REDUZIDA;AUTOMOVEIS;40000;40000;3594;CREDITO AUTO 40;11/12/2025;11/12/2025;11/12/2025;11/12/2025;AM;ANDAMENTO;;003970;30866485000161;PAMELA MATIAS DA SILVA;3970;PAMELA - GFT ;18;SANDRO;1;1;29;325,2;39,08;258,48;9,76;17,88;0;16/01/2026 00:00;SC1;;;;;;;;;;;39,08;9,76;0;258,48;17,88;22;2;GFT - REPRESENTANTE;11/12/2025 00:00;82
479677;314;610;0;22127470;62;TAB 1 MOTO - TOTAL;MOTOCICLETAS;15000;15000;9101;CARTA DE CRÉDITO - MOTO 15;12/12/2025;12/12/2025;12/12/2025;12/12/2025;AM;ANDAMENTO;;003970;30866485000161;PAMELA MATIAS DA SILVA;3970;PAMELA - GFT ;18;SANDRO;2;;;;;;;;;12/12/2025 00:00;N00;;;;;;;;;;;51,01;7,15;0;405,01;13,74;25;2;GFT - REPRESENTANTE;15/12/2025 00:00;84
481256;1030;1287;0;22128963;381;AUTO TAB. 1 - PRESTAMISTA;AUTOMOVEIS;91778,36;91778,36;3146;CRÉDITO AUTO 80;20/12/2025;20/12/2025;20/12/2025;20/12/2025;AM;ANDAMENTO;;003970;30866485000161;PAMELA MATIAS DA SILVA;3970;PAMELA - GFT ;18;SANDRO;1;;;;;;;;;20/12/2025 00:00;N00;;;;;;;;;;;156,03;22,94;0;1239;70,33;22;2;GFT - REPRESENTANTE;22/12/2025 00:00;80
481342;610;619;0;22129048;780;IMOVEL LINEAR - RED ;IMOVEIS ;175644,67;175644,67;3381;CRÉDITO IMÓVEL 160;22/12/2025;22/12/2025;22/12/2025;22/12/2025;AM;ANDAMENTO;;004008;61663487000187;AGORA PROTEGE LIMITADA;3044;GFT PROMOTORA - GFT;18;SANDRO;1;;;;;;;;;22/12/2025 00:00;N00;;;;;;;;;;;87,65;19,67;0;509,37;77,88;21;2;GFT - REPRESENTANTE;23/12/2025 00:00;178
482249;1048;1959;0;22129881;381;AUTO TAB. 1 - PRESTAMISTA;AUTOMOVEIS;35000;35000;3593;CREDITO AUTO 35;30/12/2025;30/12/2025;30/12/2025;30/12/2025;AM;ANDAMENTO;;003970;30866485000161;PAMELA MATIAS DA SILVA;3970;PAMELA - GFT ;18;SANDRO;1;;;;;;;;;30/12/2025 00:00;N00;;;;;;;;;;;59,5;8,64;0;472,5;26,82;22;2;GFT - REPRESENTANTE;05/01/2026 00:00;81
482294;1046;128;0;22129926;503;TAB 1 AUTO P - REDUZIDA;AUTOMOVEIS;40000;40000;3550;CREDITO AUTO 40;31/12/2025;31/12/2025;31/12/2025;31/12/2025;CE;ANDAMENTO;;003045;17278571000195;GFT PROMOTORA DE VENDAS LTDA -VENDAS;3044;GFT PROMOTORA - GFT;18;SANDRO;2;;;;;;;;;31/12/2025 00:00;N00;;;;;;;;;;;128,4;21,36;0;516,96;35,48;21;2;GFT - WHITE LABEL;05/01/2026 00:00;75
482761;610;446;0;22130383;777;TAB7 IMOVEL ;IMOVEIS ;296400,38;296400,37;3392;CRÉDITO IMÓVEL 270;06/01/2026;06/01/2026;06/01/2026;06/01/2026;AM;ANDAMENTO;;004121;30866485000161;PAMELA MATIAS DA SILVA VENDAS 2;3970;PAMELA - GFT ;18;SANDRO;2;;;;;;;;;06/01/2026 00:00;N00;;;;;;;;;;;592,8;66,4;0;4742,4;262,86;21;2;GFT - REPRESENTANTE VENDA;07/01/2026 00:00;178
483002;1048;2288;0;22130610;381;AUTO TAB. 1 - PRESTAMISTA;AUTOMOVEIS;50000;50000;3596;CREDITO AUTO 50;07/01/2026;07/01/2026;07/01/2026;07/01/2026;PA;ANDAMENTO;;003970;30866485000161;PAMELA MATIAS DA SILVA;3970;PAMELA - GFT ;18;SANDRO;1;;;;;;;;;07/01/2026 00:00;N00;;;;;;;;;;;85;12,35;0;675;38,32;22;2;GFT - REPRESENTANTE;08/01/2026 00:00;81
483044;903;17;0;22130652;960;TAB SERVIÇO ATÉ 70M;SERVIÇOS;40000;40000;9066;SERVIÇOS 40;07/01/2026;07/01/2026;07/01/2026;07/01/2026;AM;ANDAMENTO;;004121;30866485000161;PAMELA MATIAS DA SILVA VENDAS 2;3970;PAMELA - GFT ;18;SANDRO;1;;;;;;;;;28/01/2026 00:00;SC0;;;;;;;;;;;301,64;39,2;0;616;17,59;17;5;GFT - REPRESENTANTE VENDA;08/01/2026 00:00;51
483372;1048;2348;1;22130941;381;AUTO TAB. 1 - PRESTAMISTA;AUTOMOVEIS;50000;50000;3596;CREDITO AUTO 50;08/01/2026;08/01/2026;08/01/2026;08/01/2026;AM;ANDAMENTO;29/01/2026;003970;30866485000161;PAMELA MATIAS DA SILVA;3970;PAMELA - GFT ;18;SANDRO;1;;;;;;;;;29/01/2026 00:00;E00;;;;;;;;;SOLICITACAO CONSORCIADO;29/01/2026 00:00;85;12,35;0;675;38,32;22;2;GFT - REPRESENTANTE;09/01/2026 00:00;81
484097;800;112;0;22131648;918;TAB PESADOS ;CAMINHOES / ONIBUS;203434,98;203434,98;3042;CARTA DE CRÉDITO 150-CAMINHÃO;13/01/2026;13/01/2026;13/01/2026;13/01/2026;AM;ANDAMENTO;;004123;30866485000161;PAMELA MATIAS DA SILVA VENDAS 3;3970;PAMELA - GFT ;18;SANDRO;1;;;;;;;;;13/01/2026 00:00;N00;;;;;;;;;;;217,27;36,01;0;1871,6;0;18;2;GFT - REPRESENTANTE VENDA;14/01/2026 00:00;113
484650;1048;2604;0;22132142;381;AUTO TAB. 1 - PRESTAMISTA;AUTOMOVEIS;50000;50000;3596;CREDITO AUTO 50;15/01/2026;15/01/2026;15/01/2026;15/01/2026;AM;ANDAMENTO;;004129;30866485000161;PAMELA MATIAS DA SILVA VENDAS 4;3970;PAMELA - GFT ;18;SANDRO;1;;;;;;;;;15/01/2026 00:00;N00;;;;;;;;;;;85;12,35;0;675;38,32;22;2;GFT - REPRESENTANTE VENDA;16/01/2026 00:00;81
484737;1048;2625;0;22132229;503;TAB 1 AUTO P - REDUZIDA;AUTOMOVEIS;40000;40000;3594;CREDITO AUTO 40;15/01/2026;15/01/2026;15/01/2026;15/01/2026;AM;ANDAMENTO;;003970;30866485000161;PAMELA MATIAS DA SILVA;3970;PAMELA - GFT ;18;SANDRO;2;;;;;;;;;15/01/2026 00:00;N00;;;;;;;;;;;85,52;19,76;0;516,96;35,76;22;2;GFT - REPRESENTANTE;16/01/2026 00:00;81
485457;1030;1570;0;22132877;381;AUTO TAB. 1 - PRESTAMISTA;AUTOMOVEIS;97514,5;97514,5;3147;CRÉDITO AUTO 85;19/01/2026;19/01/2026;19/01/2026;20/01/2026;AM;ANDAMENTO;;004123;30866485000161;PAMELA MATIAS DA SILVA VENDAS 3;3970;PAMELA - GFT ;18;SANDRO;1;;;;;;;;;19/01/2026 00:00;N00;;;;;;;;;;;170,65;24,38;0;1316,45;74,73;22;2;GFT - REPRESENTANTE VENDA;21/01/2026 00:00;80
486717;1030;1151;0;22134039;503;TAB 1 AUTO P - REDUZIDA;AUTOMOVEIS;91778,36;91778,36;3146;CRÉDITO AUTO 80;26/01/2026;26/01/2026;26/01/2026;26/01/2026;AM;ANDAMENTO;;004129;30866485000161;PAMELA MATIAS DA SILVA VENDAS 4;3970;PAMELA - GFT ;18;SANDRO;1;;;;;;;;;26/01/2026 00:00;N00;;;;;;;;;;;109,77;23,22;0;593,07;40,7;21;2;GFT - REPRESENTANTE VENDA;27/01/2026 00:00;79
486842;608;1076;0;22134154;777;TAB7 IMOVEL ;IMOVEIS ;164620,63;164620,63;3072;CARTA DE CREDITO 120 - IMOVEL;27/01/2026;27/01/2026;27/01/2026;28/01/2026;AM;ANDAMENTO;;004123;30866485000161;PAMELA MATIAS DA SILVA VENDAS 3;3970;PAMELA - GFT ;18;SANDRO;1;;;;;;;;;27/01/2026 00:00;N00;;;;;;;;;;;164,62;23,54;0;1316,96;72,4;20;2;GFT - REPRESENTANTE VENDA;29/01/2026 00:00;140
487439;800;223;0;22134724;935;TAB PESADOS RED - WL GFT;CAMINHOES / ONIBUS;176310,31;176310,31;3040;CARTA DE CRÉDITO 130-CAMINHÃO;29/01/2026;29/01/2026;29/01/2026;30/01/2026;AM;ANDAMENTO;;003970;30866485000161;PAMELA MATIAS DA SILVA;3970;PAMELA - GFT ;18;SANDRO;1;;;;;;;;;29/01/2026 00:00;N00;;;;;;;;;;;180,01;31,21;0;740,5;0;18;2;GFT - REPRESENTANTE;02/02/2026 00:00;113
487447;1040;646;0;22134732;503;TAB 1 AUTO P - REDUZIDA;AUTOMOVEIS;38561,63;38561,63;3303;CREDITO AUTO 35;29/01/2026;29/01/2026;29/01/2026;30/01/2026;AM;ANDAMENTO;;004129;30866485000161;PAMELA MATIAS DA SILVA VENDAS 4;3970;PAMELA - GFT ;18;SANDRO;1;;;;;;;;;29/01/2026 00:00;N00;;;;;;;;;;;88,69;12,84;0;296,92;16,96;20;2;GFT - REPRESENTANTE VENDA;02/02/2026 00:00;60
487968;1026;161;0;22135229;503;TAB 1 AUTO P - REDUZIDA;AUTOMOVEIS;116636,05;116636,05;1386;CRÉDITO AUTO 86;02/02/2026;02/02/2026;02/02/2026;;PR;ANDAMENTO;;003929;12345678909;GFT PROMOTORA DE VENDAS LTDA**vendas 231;3044;GFT PROMOTORA - GFT;18;SANDRO;;0;0;1957,27;946,03;898,1;63,1;50,04;0;02/02/2026 00:00;N00;;;;;;;;;;;;;;;;;;GFT - VENDA;;37
488149;1048;293;0;22135393;503;TAB 1 AUTO P - REDUZIDA;AUTOMOVEIS;55000;55000;3597;CREDITO AUTO 55;03/02/2026;03/02/2026;03/02/2026;;AM;ANDAMENTO;;003970;30866485000161;PAMELA MATIAS DA SILVA;3970;PAMELA - GFT ;18;SANDRO;;0;0;457,72;63,97;355,41;13,75;24,59;0;03/02/2026 00:00;N00;;;;;;;;;;;;;;;;;;GFT - REPRESENTANTE;;80
482832;610;535;0;22130446;780;IMOVEL LINEAR - RED ;IMOVEIS ;252489,2;252489,21;3388;CRÉDITO IMÓVEL 230;06/01/2026;06/01/2026;06/01/2026;07/01/2026;PE;ANDAMENTO;;003078;17278571001248;GFT PROMOTORA DE VENDAS LTDA - FILIAL;3078;GFT FILIAL PROMOTORA - GFT;18;SANDRO;1;;;;;;;;;06/01/2026 00:00;N00;;;;;;;;;;;125,99;28,28;0;732,22;0;21;2;GFT FILIAL - WHITE LABEL;08/01/2026 00:00;178
484094;1045;381;0;22131645;689;TAB AUTO WL RED FUNCIONARIO;AUTOMOVEIS;83568;83568;3549;CREDITO AUTO 80;13/01/2026;13/01/2026;13/01/2026;13/01/2026;CE;ANDAMENTO;;003044;17278571000195;GFT PROMOTORA DE VENDAS LTDA;3044;GFT PROMOTORA - GFT;18;SANDRO;2;;;;;;;;;13/01/2026 00:00;N00;;;;;;;;;;;631,44;46,46;0;668,54;68,68;12;2;GFT - WHITE LABEL;14/01/2026 00:00;72
484191;1042;154;0;22131723;964;TAB AUTOS  ATÉ 70M;AUTOMOVEIS;58240;58240;3412;CREDITO AUTO 56;13/01/2026;13/01/2026;13/01/2026;13/01/2026;AM;ANDAMENTO;;004123;30866485000161;PAMELA MATIAS DA SILVA VENDAS 3;3970;PAMELA - GFT ;18;SANDRO;1;;;;;;;;;13/01/2026 00:00;N00;;;;;;;;;;;162,02;17,65;0;896,9;43,91;20;2;GFT - REPRESENTANTE VENDA;14/01/2026 00:00;66
484243;1048;2518;0;22131774;381;AUTO TAB. 1 - PRESTAMISTA;AUTOMOVEIS;50000;50000;3596;CREDITO AUTO 50;13/01/2026;13/01/2026;13/01/2026;14/01/2026;AM;ANDAMENTO;;003970;30866485000161;PAMELA MATIAS DA SILVA;3970;PAMELA - GFT ;18;SANDRO;1;;;;;;;;;27/01/2026 00:00;SC0;;;;;;;;;;;85;12,35;0;675;38,32;22;2;GFT - REPRESENTANTE;15/01/2026 00:00;81
484664;313;67;0;22132156;963;TAB MOTO 71 A 84M ;MOTOCICLETAS;20000;20000;9090;CARTA DE CRÉDITO - MOTO 20;15/01/2026;15/01/2026;15/01/2026;15/01/2026;AM;ANDAMENTO;;003970;30866485000161;PAMELA MATIAS DA SILVA;3970;PAMELA - GFT ;18;SANDRO;1;;;;;;;;;15/01/2026 00:00;N00;;;;;;;;;;;34;5,06;0;270;18,56;25;2;GFT - REPRESENTANTE;16/01/2026 00:00;79
487055;610;1005;0;22134357;967;TAB IMÓVEL 160 A 220M ;IMOVEIS ;219555,83;219555,83;3385;CRÉDITO IMÓVEL 200;28/01/2026;28/01/2026;28/01/2026;28/01/2026;AM;ANDAMENTO;;003970;30866485000161;PAMELA MATIAS DA SILVA;3970;PAMELA - GFT ;18;SANDRO;1;;;;;;;;;28/01/2026 00:00;N00;;;;;;;;;;;241,51;24,81;0;2063,82;173,08;21;2;GFT - REPRESENTANTE;29/01/2026 00:00;177
487220;1048;2523;0;22134520;381;AUTO TAB. 1 - PRESTAMISTA;AUTOMOVEIS;40000;40000;3594;CREDITO AUTO 40;28/01/2026;28/01/2026;28/01/2026;29/01/2026;AM;ANDAMENTO;;003970;30866485000161;PAMELA MATIAS DA SILVA;3970;PAMELA - GFT ;18;SANDRO;1;;;;;;;;;28/01/2026 00:00;N00;;;;;;;;;;;70;10;0;540;30,65;22;2;GFT - REPRESENTANTE;30/01/2026 00:00;80
487281;314;960;0;22134574;62;TAB 1 MOTO - TOTAL;MOTOCICLETAS;20000;20000;9106;CARTA DE CRÉDITO - MOTO 20;29/01/2026;29/01/2026;29/01/2026;30/01/2026;AM;ANDAMENTO;;003970;30866485000161;PAMELA MATIAS DA SILVA;3970;PAMELA - GFT ;18;SANDRO;1;;;;;;;;;29/01/2026 00:00;N00;;;;;;;;;;;34;4,88;0;270;23,56;25;2;GFT - REPRESENTANTE;02/02/2026 00:00;82
487352;800;218;0;22134639;918;TAB PESADOS ;CAMINHOES / ONIBUS;135623,31;135623,31;3037;CARTA DE CRÉDITO 100-CAMINHÃO;29/01/2026;29/01/2026;29/01/2026;30/01/2026;AM;ANDAMENTO;;003970;30866485000161;PAMELA MATIAS DA SILVA;3970;PAMELA - GFT ;18;SANDRO;1;;;;;;;;;29/01/2026 00:00;N00;;;;;;;;;;;144,84;24,01;0;1247,74;0;18;2;GFT - REPRESENTANTE;02/02/2026 00:00;113
487405;1048;2552;0;22134690;381;AUTO TAB. 1 - PRESTAMISTA;AUTOMOVEIS;30000;30000;3592;CREDITO AUTO 30;29/01/2026;29/01/2026;29/01/2026;29/01/2026;AM;ANDAMENTO;;003970;30866485000161;PAMELA MATIAS DA SILVA;3970;PAMELA - GFT ;18;SANDRO;1;;;;;;;;;29/01/2026 00:00;N00;;;;;;;;;;;52,5;7,5;0;405;22,99;22;2;GFT - REPRESENTANTE;30/01/2026 00:00;80
488182;800;124;0;22135426;935;TAB PESADOS RED - WL GFT;CAMINHOES / ONIBUS;135623,31;135623,31;3037;CARTA DE CRÉDITO 100-CAMINHÃO;03/02/2026;03/02/2026;03/02/2026;05/02/2026;PI;ANDAMENTO;;003208;55098945000180;LIFEBANK INSTITUICAO DE PAGAMENTOS LTDA;3208;LIFEBANK - GFT;18;SANDRO;1;;;;;;;;;03/02/2026 00:00;N00;;;;;;;;;;;138,47;24,01;0;569,62;0;18;2;GFT - REPRESENTANTE;06/02/2026 00:00;113
489072;314;999;0;22136247;62;TAB 1 MOTO - TOTAL;MOTOCICLETAS;22000;22000;9108;CARTA DE CRÉDITO - MOTO 22;06/02/2026;06/02/2026;06/02/2026;;AM;ANDAMENTO;;003970;30866485000161;PAMELA MATIAS DA SILVA;3970;PAMELA - GFT ;18;SANDRO;;0;0;364,25;38,98;309,6;5,6;10,07;0;06/02/2026 00:00;N00;;;;;;;;;;;;;;;;;;GFT - REPRESENTANTE;;82
489220;608;1328;0;22136395;711;TAB IMOVEL LINEAR S/ ESTORNO;IMOVEIS ;157761,45;157761,46;3071;CARTA DE CREDITO 115 - IMOVEL;07/02/2026;07/02/2026;07/02/2026;;AM;ANDAMENTO;;004123;30866485000161;PAMELA MATIAS DA SILVA VENDAS 3;3970;PAMELA - GFT ;18;SANDRO;;0;0;1444,12;405,6;946,57;22,56;69,39;0;07/02/2026 00:00;N00;;;;;;;;;;;;;;;;;;GFT - REPRESENTANTE VENDA;;140
488209;1045;416;0;22135453;503;TAB 1 AUTO P - REDUZIDA;AUTOMOVEIS;64765,2;64765,2;3540;CREDITO AUTO 62;03/02/2026;03/02/2026;03/02/2026;03/02/2026;BA;ANDAMENTO;;004027;26463423000131;JONE RIVES RAMOS ALECRIM vendas 1;3044;GFT PROMOTORA - GFT;18;SANDRO;1;;;;;;;;;03/02/2026 00:00;N00;;;;;;;;;;;131,5;18,01;0;412,71;28,72;21;2;GFT - REPRESENTANTE VENDA;05/02/2026 00:00;71
488574;1048;827;0;22135809;928;TAB AUTOS REDUZ - WL 928;AUTOMOVEIS;30000;30000;3592;CREDITO AUTO 30;05/02/2026;05/02/2026;05/02/2026;06/02/2026;MS;ANDAMENTO;;004082;12345678909;GFT PROMOTORA DE VENDAS LTDA***venda 256;3044;GFT PROMOTORA - GFT;18;SANDRO;1;;;;;;;;;05/02/2026 00:00;N00;;;;;;;;;;;23,73;7,5;0;205,02;13,41;22;2;GFT - VENDA;09/02/2026 00:00;80
488641;1044;141;0;22135865;503;TAB 1 AUTO P - REDUZIDA;AUTOMOVEIS;104000;104000;3528;CREDITO AUTO 100;05/02/2026;05/02/2026;05/02/2026;05/02/2026;PI;ANDAMENTO;;003208;55098945000180;LIFEBANK INSTITUICAO DE PAGAMENTOS LTDA;3208;LIFEBANK - GFT;18;SANDRO;1;;;;;;;;;05/02/2026 00:00;N00;;;;;;;;;;;103,58;30,16;0;800,8;45,74;20;2;GFT - REPRESENTANTE;05/02/2026 00:00;69
489033;1041;645;0;22136208;968;TAB AUTOS  ATÉ 70M RED;AUTOMOVEIS;50497,84;50497,84;3345;CREDITO AUTO 46;06/02/2026;06/02/2026;06/02/2026;;SP;ANDAMENTO;;003044;17278571000195;GFT PROMOTORA DE VENDAS LTDA;3044;GFT PROMOTORA - GFT;18;SANDRO;;0;0;535,46;102,81;393,88;16,56;22,21;0;06/02/2026 00:00;N00;;;;;;;;;;;;;;;;;;GFT - WHITE LABEL;;61
474393;610;508;0;22122390;780;IMOVEL LINEAR - RED ;IMOVEIS ;329333,75;329333,75;3395;CRÉDITO IMÓVEL 300;18/11/2025;18/11/2025;18/11/2025;18/11/2025;PE;ANDAMENTO;;003478;70182571000170;PORTAL NEGOCIOS E SOLUCOES CORRETORA DE ;3478;PORTAL;18;SANDRO;3;;;;;;;;;15/01/2026 00:00;N00;;;;;;;;;;;448,68;108,04;0,76;2822,47;285,53;21;2;GFT FILIAL-REPRESENTANTE;19/11/2025 00:00;180
475108;1045;805;0;22123075;381;AUTO TAB. 1 - PRESTAMISTA;AUTOMOVEIS;71032,8;71032,8;3543;CREDITO AUTO 68;21/11/2025;21/11/2025;21/11/2025;21/11/2025;PE;ANDAMENTO;;003926;12345678909;GFT PROMOTORA DE VENDAS LTDA**vendas 228;3044;GFT PROMOTORA - GFT;18;SANDRO;3;;;;;;;;;21/11/2025 00:00;N00;;;;;;;;;;;461,43;62,31;0;3806,39;175,61;21;2;GFT - VENDA;24/11/2025 00:00;74
475236;800;207;0;22123203;918;TAB PESADOS ;CAMINHOES / ONIBUS;189872,66;189872,66;3041;CARTA DE CRÉDITO 140-CAMINHÃO;22/11/2025;22/11/2025;22/11/2025;24/11/2025;AM;ANDAMENTO;;003970;30866485000161;PAMELA MATIAS DA SILVA;3970;PAMELA - GFT ;18;SANDRO;1;1;29;1981,28;201,45;1746,79;33,04;0;0;16/01/2026 00:00;SC1;;;;;;;;;;;202,78;33,04;0;1746,83;0;18;2;GFT - REPRESENTANTE;25/11/2025 00:00;115
475445;1033;79;0;22123410;928;TAB AUTOS REDUZ - WL 928;AUTOMOVEIS;50059,58;50059,58;3174;CRÉDITO AUTO 44;24/11/2025;24/11/2025;24/11/2025;25/11/2025;PE;ANDAMENTO;;003094;01003229000142;INFINITE CORRETORA DE CREDITO LTDA;3094;INFINITE CREDITO - GFT;18;SANDRO;1;1;29;694,48;260,31;390,46;22,23;21,48;0;13/01/2026 00:00;NN1;;;;;;;;;;;260,31;22,23;0;390,46;21,48;17;2;GFT FILIAL-REPRESENTANTE;26/11/2025 00:00;45
475748;1044;295;0;22123684;503;TAB 1 AUTO P - REDUZIDA;AUTOMOVEIS;100880;100880;3525;CREDITO AUTO 97;25/11/2025;25/11/2025;25/11/2025;25/11/2025;PE;ANDAMENTO;;003926;12345678909;GFT PROMOTORA DE VENDAS LTDA**vendas 228;3044;GFT PROMOTORA - GFT;18;SANDRO;2;;;;;;;;;25/11/2025 00:00;N00;19/01/2026;62,8;4;LL;Lance Livre;NÃO;63353;100880;;;59713,41;503,13;0;4912,55;89,46;21;2;GFT - VENDA;26/11/2025 00:00;71
476461;610;9953;0;22124382;780;IMOVEL LINEAR - RED ;IMOVEIS ;263467;263467;3389;CRÉDITO IMÓVEL 240;08/12/2025;08/12/2025;28/11/2025;08/12/2025;SP;ANDAMENTO;;003478;70182571000170;PORTAL NEGOCIOS E SOLUCOES CORRETORA DE ;3478;PORTAL;18;SANDRO;1;1;29;1036,83;126,46;764,03;29,51;116,83;0;13/01/2026 00:00;NN1;;;;;;;;;;;126,46;29,51;0;764,03;116,83;21;2;GFT FILIAL-REPRESENTANTE;09/12/2025 00:00;179
476596;1045;3;0;22124495;689;TAB AUTO WL RED FUNCIONARIO;AUTOMOVEIS;41784;41784;3529;CREDITO AUTO 40;28/11/2025;28/11/2025;28/11/2025;28/11/2025;BA;ANDAMENTO;;003044;17278571000195;GFT PROMOTORA DE VENDAS LTDA;3044;GFT PROMOTORA - GFT;18;SANDRO;3;;;;;;;;;28/11/2025 00:00;N00;;;;;;;;;;;446,72;33,36;0;486,77;33,61;12;2;GFT - WHITE LABEL;01/12/2025 00:00;73
476693;1046;360;0;22124587;689;TAB AUTO WL RED FUNCIONARIO;AUTOMOVEIS;40000;40000;3550;CREDITO AUTO 40;28/11/2025;28/11/2025;28/11/2025;29/11/2025;BA;ANDAMENTO;;003044;17278571000195;GFT PROMOTORA DE VENDAS LTDA;3044;GFT PROMOTORA - GFT;18;SANDRO;2;;;;;;;;;28/11/2025 00:00;N00;;;;;;;;;;;269,44;21,04;0;320;32,88;12;2;GFT - WHITE LABEL;02/12/2025 00:00;76
477072;1046;1366;0;22124966;689;TAB AUTO WL RED FUNCIONARIO;AUTOMOVEIS;46000;46000;3553;CREDITO AUTO 46;01/12/2025;01/12/2025;01/12/2025;01/12/2025;BA;ANDAMENTO;;003044;17278571000195;GFT PROMOTORA DE VENDAS LTDA;3044;GFT PROMOTORA - GFT;18;SANDRO;1;1;29;369,93;154,93;184;12,1;18,9;0;20/01/2026 00:00;SC1;;;;;;;;;;;154,93;12,1;0;184;18,9;12;2;GFT - WHITE LABEL;02/12/2025 00:00;76
478385;314;529;0;22126237;963;TAB MOTO 71 A 84M ;MOTOCICLETAS;20000;20000;9106;CARTA DE CRÉDITO - MOTO 20;06/12/2025;06/12/2025;06/12/2025;06/12/2025;AM;ANDAMENTO;;003970;30866485000161;PAMELA MATIAS DA SILVA;3970;PAMELA - GFT ;18;SANDRO;2;;;;;;;;;06/12/2025 00:00;N00;;;;;;;;;;;68;9,52;0;540;37,12;25;2;GFT - REPRESENTANTE;09/12/2025 00:00;84
478395;1042;974;0;22126247;381;AUTO TAB. 1 - PRESTAMISTA;AUTOMOVEIS;50960;50960;3405;CREDITO AUTO 49;06/12/2025;06/12/2025;06/12/2025;06/12/2025;AM;ANDAMENTO;;003970;30866485000161;PAMELA MATIAS DA SILVA;3970;PAMELA - GFT ;18;SANDRO;1;1;29;996,16;101,92;840,84;14,98;38,42;0;13/01/2026 00:00;SC1;;;;;;;;;;;101,92;14,98;0;840,84;38,42;20;2;GFT - REPRESENTANTE;09/12/2025 00:00;68
478570;1048;1810;0;22126418;969;TAB AUTOS 71 A 84M RED ;AUTOMOVEIS;30000;30000;3592;CREDITO AUTO 30;08/12/2025;08/12/2025;08/12/2025;09/12/2025;SP;ANDAMENTO;;003812;12345678909;GFT PROMOTORA DE VENDAS LTDA*vendas 193;3044;GFT PROMOTORA - GFT;18;SANDRO;1;1;29;243,9;18,15;205,02;7,32;13,41;0;13/01/2026 00:00;SC1;;;;;;;;;;;18,15;7,32;0;205,02;13,41;22;2;GFT - VENDA;10/12/2025 00:00;82
478847;610;660;0;22126681;780;IMOVEL LINEAR - RED ;IMOVEIS ;252489,2;252489,21;3388;CRÉDITO IMÓVEL 230;09/12/2025;09/12/2025;09/12/2025;09/12/2025;SP;ANDAMENTO;;003454;12345678909;GFT PROMOTORA DE VENDAS VENDA 162;3044;GFT PROMOTORA - GFT;18;SANDRO;3;;;;;;;;;09/12/2025 00:00;N00;;;;;;;;;;;363,57;84,84;0;2196,6;111,96;21;2;GFT - VENDA;10/12/2025 00:00;179
479801;314;616;0;22127594;62;TAB 1 MOTO - TOTAL;MOTOCICLETAS;17000;17000;9103;CARTA DE CRÉDITO - MOTO 17;13/12/2025;13/12/2025;13/12/2025;15/12/2025;AM;ANDAMENTO;;003970;30866485000161;PAMELA MATIAS DA SILVA;3970;PAMELA - GFT ;18;SANDRO;1;;;;;;;;;23/12/2025 00:00;SC0;;;;;;;;;;;28,9;4,05;0;229,5;17,17;25;2;GFT - REPRESENTANTE;15/12/2025 00:00;84
479839;1030;1090;0;22127632;503;TAB 1 AUTO P - REDUZIDA;AUTOMOVEIS;68833,77;68833,77;3142;CRÉDITO AUTO 60;13/12/2025;13/12/2025;13/12/2025;15/12/2025;AM;ANDAMENTO;;003970;30866485000161;PAMELA MATIAS DA SILVA;3970;PAMELA - GFT ;18;SANDRO;1;1;26;566,13;73,58;444,78;17;30,77;0;16/01/2026 00:00;NN1;;;;;;;;;;;73,58;17;0;444,8;30,77;22;2;GFT - REPRESENTANTE;15/12/2025 00:00;81
481255;314;763;0;22128962;963;TAB MOTO 71 A 84M ;MOTOCICLETAS;17000;17000;9103;CARTA DE CRÉDITO - MOTO 17;20/12/2025;20/12/2025;20/12/2025;20/12/2025;AM;ANDAMENTO;;003970;30866485000161;PAMELA MATIAS DA SILVA;3970;PAMELA - GFT ;18;SANDRO;1;1;26;279,62;28,9;229,5;4,05;17,17;0;28/01/2026 00:00;SC1;;;;;;;;;;;28,9;4,05;0;229,5;17,17;25;2;GFT - REPRESENTANTE;22/12/2025 00:00;84
482269;1038;132;0;22129901;381;AUTO TAB. 1 - PRESTAMISTA;AUTOMOVEIS;47122,63;47122,63;3264;CREDITO AUTO 43;30/12/2025;30/12/2025;30/12/2025;30/12/2025;AM;ANDAMENTO;;003970;30866485000161;PAMELA MATIAS DA SILVA;3970;PAMELA - GFT ;18;SANDRO;1;;;;;;;;;30/12/2025 00:00;N00;;;;;;;;;;;156,97;15,97;0;777,52;34,65;17;2;GFT - REPRESENTANTE;05/01/2026 00:00;59
482389;1047;181;0;22130021;381;AUTO TAB. 1 - PRESTAMISTA;AUTOMOVEIS;40000;40000;3571;CREDITO AUTO 40;02/01/2026;02/01/2026;02/01/2026;02/01/2026;AM;ANDAMENTO;;003970;30866485000161;PAMELA MATIAS DA SILVA;3970;PAMELA - GFT ;18;SANDRO;1;;;;;;;;;02/01/2026 00:00;N00;;;;;;;;;;;80,52;10,24;0;540;30,41;21;2;GFT - REPRESENTANTE;05/01/2026 00:00;78
484724;610;898;0;22132216;778;TAB1 IMOVEL ;IMOVEIS ;252489,2;252489,21;3388;CRÉDITO IMÓVEL 230;15/01/2026;15/01/2026;15/01/2026;16/01/2026;AM;ANDAMENTO;;004123;30866485000161;PAMELA MATIAS DA SILVA VENDAS 3;3970;PAMELA - GFT ;18;SANDRO;1;;;;;;;;;15/01/2026 00:00;N00;;;;;;;;;;;195,93;28,28;0;1893,67;111,96;21;2;GFT - REPRESENTANTE VENDA;19/01/2026 00:00;178
485377;1042;295;0;22132806;964;TAB AUTOS  ATÉ 70M;AUTOMOVEIS;47840;47840;3402;CREDITO AUTO 46;19/01/2026;19/01/2026;19/01/2026;;AM;ANDAMENTO;;004129;30866485000161;PAMELA MATIAS DA SILVA VENDAS 4;3970;PAMELA - GFT ;18;SANDRO;;0;0;920,4;133,09;736,74;14,5;36,07;0;19/01/2026 00:00;N00;;;;;;;;;;;;;;;;;;GFT - REPRESENTANTE VENDA;;66
485423;1047;736;0;22132848;503;TAB 1 AUTO P - REDUZIDA;AUTOMOVEIS;50000;50000;3576;CREDITO AUTO 50;19/01/2026;19/01/2026;19/01/2026;;BA;ANDAMENTO;;004027;26463423000131;JONE RIVES RAMOS ALECRIM vendas 1;3044;GFT PROMOTORA - GFT;18;SANDRO;;0;0;428,02;69,75;323,1;13;22,17;0;19/01/2026 00:00;N00;;;;;;;;;;;;;;;;;;GFT - REPRESENTANTE VENDA;;77
486476;1045;163;0;22133829;965;TAB AUTOS 71 A 84M ;AUTOMOVEIS;54319,2;54319,2;3535;CREDITO AUTO 52;24/01/2026;24/01/2026;24/01/2026;26/01/2026;AM;ANDAMENTO;;004123;30866485000161;PAMELA MATIAS DA SILVA VENDAS 3;3970;PAMELA - GFT ;18;SANDRO;1;;;;;;;;;24/01/2026 00:00;N00;;;;;;;;;;;181,53;15,32;0;744,17;41,29;21;2;GFT - REPRESENTANTE VENDA;27/01/2026 00:00;71
486846;610;678;0;22134158;780;IMOVEL LINEAR - RED ;IMOVEIS ;208578,05;208578,04;3384;CRÉDITO IMÓVEL 190;27/01/2026;27/01/2026;27/01/2026;;SP;ANDAMENTO;;004127;15613087000140;11PONTO11 - CONTACT CENTER LTDA;4127;11PONTO11;18;SANDRO;;0;0;828,98;108,04;604,88;23,57;92,49;0;27/01/2026 00:00;N00;;;;;;;;;;;;;;;;;;GFT - REPRESENTANTE;;177
486973;608;1300;0;22134280;777;TAB7 IMOVEL ;IMOVEIS ;157761,45;157761,46;3071;CARTA DE CREDITO 115 - IMOVEL;27/01/2026;27/01/2026;27/01/2026;28/01/2026;AM;ANDAMENTO;;004123;30866485000161;PAMELA MATIAS DA SILVA VENDAS 3;3970;PAMELA - GFT ;18;SANDRO;1;;;;;;;;;27/01/2026 00:00;N00;;;;;;;;;;;157,76;22,56;0;1262,09;69,39;20;2;GFT - REPRESENTANTE VENDA;29/01/2026 00:00;140
487080;314;953;0;22134381;62;TAB 1 MOTO - TOTAL;MOTOCICLETAS;15000;15000;9101;CARTA DE CRÉDITO - MOTO 15;28/01/2026;28/01/2026;28/01/2026;28/01/2026;AM;ANDAMENTO;;003970;30866485000161;PAMELA MATIAS DA SILVA;3970;PAMELA - GFT ;18;SANDRO;1;;;;;;;;;28/01/2026 00:00;N00;;;;;;;;;;;25,5;3,66;0;202,5;21,27;25;2;GFT - REPRESENTANTE;29/01/2026 00:00;82
450138;1047;951;0;22100907;928;TAB AUTOS REDUZ - WL 928;AUTOMOVEIS;42000;42000;3572;CREDITO AUTO 42;24/07/2025;24/07/2025;24/07/2025;25/07/2025;RS;ANDAMENTO;;003444;12345678909;GFT PROMOTORA DE VENDAS LTDA**vendas 152;3044;GFT PROMOTORA - GFT;18;SANDRO;6;;;;;;;;;24/07/2025 00:00;N00;;;;;;;;;;;127,02;30,24;0;1725,09;112,62;22;2;GFT - VENDA;28/07/2025 00:00;83
450140;1047;954;0;22100909;928;TAB AUTOS REDUZ - WL 928;AUTOMOVEIS;42000;42000;3572;CREDITO AUTO 42;24/07/2025;24/07/2025;24/07/2025;25/07/2025;RS;ANDAMENTO;;003444;12345678909;GFT PROMOTORA DE VENDAS LTDA**vendas 152;3044;GFT PROMOTORA - GFT;18;SANDRO;6;;;;;;;;;24/07/2025 00:00;N00;;;;;;;;;;;127,02;30,24;0;1725,09;112,62;22;2;GFT - VENDA;28/07/2025 00:00;83
450778;800;64;9;22101469;935;TAB PESADOS RED - WL GFT;CAMINHOES / ONIBUS;203434,98;203434,98;3042;CARTA DE CRÉDITO 150-CAMINHÃO;29/07/2025;29/07/2025;29/07/2025;07/08/2025;AM;ANDAMENTO;28/11/2025;003337;59829479000116;BR SOLUCOES FINANCEIRAS LTDA;3337;BR SOLUCOES FINANCEIRAS LTDA;18;SANDRO;1;0;0;1042,79;154,2;854,41;34,18;0;0;28/11/2025 00:00;E00;;;;;;;;;PARCELAS EM ATRASO;28/11/2025 00:00;154,2;34,18;0;854,43;0;18;2;GFT - REPRESENTANTE;08/08/2025 00:00;119
451063;608;996;1;22101716;937;TAB IMOVEL WL - 937 RED;IMOVEIS ;89169,53;89169,53;3061;CARTA DE CREDITO 65 - IMOVEL;30/07/2025;30/07/2025;30/07/2025;04/08/2025;RO;ANDAMENTO;01/12/2025;003337;59829479000116;BR SOLUCOES FINANCEIRAS LTDA;3337;BR SOLUCOES FINANCEIRAS LTDA;18;SANDRO;1;0;0;451,9;53,68;346,16;12,84;39,22;0;01/12/2025 00:00;E00;;;;;;;;;PARCELAS EM ATRASO;01/12/2025 00:00;84,74;11,61;0;699,09;37,27;20;2;GFT - REPRESENTANTE;05/08/2025 00:00;146
452810;313;587;1;22102340;944;TAB 1 MOTO - WL;MOTOCICLETAS;30000;30000;9100;CARTA DE CRÉDITO - MOTO 30;01/08/2025;01/08/2025;01/08/2025;04/08/2025;RO;ANDAMENTO;01/12/2025;003387;49552580000119;CAPITAL PRIME CORRETORA - VENDAS 1;3386;CAPITAL PRIME;18;SANDRO;1;0;0;476,69;35,43;411;7,14;23,12;0;01/12/2025 00:00;E00;;;;;;;;;PARCELAS EM ATRASO;01/12/2025 00:00;35,43;7,14;0;411;23,12;25;2;GFT FILIAL - REPRES VENDA;05/08/2025 00:00;84
452852;608;136;0;22102380;937;TAB IMOVEL WL - 937 RED;IMOVEIS ;89169,53;89169,53;3061;CARTA DE CREDITO 65 - IMOVEL;01/08/2025;01/08/2025;01/08/2025;04/08/2025;RO;ANDAMENTO;;003387;49552580000119;CAPITAL PRIME CORRETORA - VENDAS 1;3386;CAPITAL PRIME;18;SANDRO;4;2;62;414,72;53,68;309,6;12,22;39,22;0;13/01/2026 00:00;NN2;;;;;;;;;;;250,26;48,85;0;1664,42;154,93;20;2;GFT FILIAL - REPRES VENDA;05/08/2025 00:00;146
457623;1036;193;0;22106755;928;TAB AUTOS REDUZ - WL 928;AUTOMOVEIS;85764,72;85764,72;3222;CRÉDITO AUTO 75;27/08/2025;27/08/2025;27/08/2025;27/08/2025;DF;ANDAMENTO;;003766;49552580000119;CAPITAL PRIME - VENDAS 4;3386;CAPITAL PRIME;18;SANDRO;5;;;;;;;;;20/01/2026 00:00;N00;;;;;;;;;;;1388,55;161,65;0;3344,84;183,95;17;2;GFT FILIAL - REPRES VENDA;28/08/2025 00:00;53
458206;1038;145;5;22107295;928;TAB AUTOS REDUZ - WL 928;AUTOMOVEIS;27396,88;27396,88;3246;CREDITO AUTO 25;29/08/2025;29/08/2025;29/08/2025;29/08/2025;RO;ANDAMENTO;30/12/2025;003387;49552580000119;CAPITAL PRIME CORRETORA - VENDAS 1;3386;CAPITAL PRIME;18;SANDRO;1;0;0;281,65;47,23;213,69;8,68;12,05;0;30/12/2025 00:00;E00;;;;;;;;;PARCELAS EM ATRASO;30/12/2025 00:00;44,93;8,26;0;203,27;11,46;20;2;GFT FILIAL - REPRES VENDA;01/09/2025 00:00;63
458265;1038;29;3;22107348;928;TAB AUTOS REDUZ - WL 928;AUTOMOVEIS;27396,88;27396,88;3246;CREDITO AUTO 25;29/08/2025;29/08/2025;29/08/2025;29/08/2025;RO;ANDAMENTO;30/12/2025;003387;49552580000119;CAPITAL PRIME CORRETORA - VENDAS 1;3386;CAPITAL PRIME;18;SANDRO;1;0;0;281,65;47,23;213,69;8,68;12,05;0;30/12/2025 00:00;E00;;;;;;;;;PARCELAS EM ATRASO;30/12/2025 00:00;44,93;8,26;0;203,27;11,46;20;2;GFT FILIAL - REPRES VENDA;01/09/2025 00:00;63
459245;800;15;0;22108225;935;TAB PESADOS RED - WL GFT;CAMINHOES / ONIBUS;271246,63;271246,64;3022;CARTA DE CRÉDITO 200-CAMINHÃO;03/09/2025;03/09/2025;03/09/2025;03/09/2025;PE;ANDAMENTO;;003478;70182571000170;PORTAL NEGOCIOS E SOLUCOES CORRETORA DE ;3478;PORTAL;18;SANDRO;5;;;;;;;;;14/01/2026 00:00;N00;;;;;;;;;;;1084,92;229,19;5,61;5695,86;0;18;2;GFT FILIAL-REPRESENTANTE;04/09/2025 00:00;118
459425;1038;1064;5;22108401;928;TAB AUTOS REDUZ - WL 928;AUTOMOVEIS;27396,88;27396,88;3246;CREDITO AUTO 25;04/09/2025;04/09/2025;04/09/2025;08/09/2025;RO;ANDAMENTO;30/12/2025;003387;49552580000119;CAPITAL PRIME CORRETORA - VENDAS 1;3386;CAPITAL PRIME;18;SANDRO;1;0;0;281,65;47,23;213,69;8,68;12,05;0;30/12/2025 00:00;E00;;;;;;;;;PARCELAS EM ATRASO;30/12/2025 00:00;44,93;8,26;0;203,27;11,46;20;2;GFT FILIAL - REPRES VENDA;09/09/2025 00:00;63
460284;1041;442;0;22109226;928;TAB AUTOS REDUZ - WL 928;AUTOMOVEIS;87822,33;87822,33;3379;CREDITO AUTO 80;09/09/2025;09/09/2025;09/09/2025;10/09/2025;CE;ANDAMENTO;;003815;12345678909;GFT PROMOTORA DE VENDAS LTDA*vendas 196;3044;GFT PROMOTORA - GFT;18;SANDRO;3;2;62;863,64;113,38;685,02;26,61;38,63;0;13/01/2026 00:00;NN2;;;;;;;;;;;324,93;76,26;0;1963,17;110,7;20;2;GFT - VENDA;11/09/2025 00:00;66
487091;314;954;0;22134392;963;TAB MOTO 71 A 84M ;MOTOCICLETAS;18000;18000;9104;CARTA DE CRÉDITO - MOTO 18;28/01/2026;28/01/2026;28/01/2026;28/01/2026;AM;ANDAMENTO;;003970;30866485000161;PAMELA MATIAS DA SILVA;3970;PAMELA - GFT ;18;SANDRO;1;;;;;;;;;28/01/2026 00:00;N00;;;;;;;;;;;30,6;4,39;0;243;22,64;25;2;GFT - REPRESENTANTE;29/01/2026 00:00;82
487201;1044;665;0;22134501;503;TAB 1 AUTO P - REDUZIDA;AUTOMOVEIS;97760;97760;3522;CREDITO AUTO 94;28/01/2026;28/01/2026;28/01/2026;29/01/2026;AM;ANDAMENTO;;003970;30866485000161;PAMELA MATIAS DA SILVA;3970;PAMELA - GFT ;18;SANDRO;1;;;;;;;;;28/01/2026 00:00;N00;;;;;;;;;;;97,37;28,35;0;752,75;43;20;2;GFT - REPRESENTANTE;30/01/2026 00:00;69
487217;314;958;0;22134517;62;TAB 1 MOTO - TOTAL;MOTOCICLETAS;20000;20000;9106;CARTA DE CRÉDITO - MOTO 20;28/01/2026;28/01/2026;28/01/2026;29/01/2026;AM;ANDAMENTO;;003970;30866485000161;PAMELA MATIAS DA SILVA;3970;PAMELA - GFT ;18;SANDRO;1;;;;;;;;;28/01/2026 00:00;N00;;;;;;;;;;;34;4,88;0;270;23,56;25;2;GFT - REPRESENTANTE;30/01/2026 00:00;82
487289;1048;1385;0;22134582;381;AUTO TAB. 1 - PRESTAMISTA;AUTOMOVEIS;30000;30000;3592;CREDITO AUTO 30;29/01/2026;29/01/2026;29/01/2026;29/01/2026;AM;ANDAMENTO;;003970;30866485000161;PAMELA MATIAS DA SILVA;3970;PAMELA - GFT ;18;SANDRO;1;;;;;;;;;29/01/2026 00:00;N00;;;;;;;;;;;52,5;7,5;0;405;22,99;22;2;GFT - REPRESENTANTE;30/01/2026 00:00;80
487326;1030;1430;0;22134618;503;TAB 1 AUTO P - REDUZIDA;AUTOMOVEIS;57361,47;57361,47;3140;CRÉDITO AUTO 50;29/01/2026;29/01/2026;29/01/2026;29/01/2026;AM;ANDAMENTO;;003970;30866485000161;PAMELA MATIAS DA SILVA;3970;PAMELA - GFT ;18;SANDRO;1;;;;;;;;;29/01/2026 00:00;N00;;;;;;;;;;;68,61;14,51;0;370,66;25,44;21;2;GFT - REPRESENTANTE;30/01/2026 00:00;79
487330;312;145;0;22134622;62;TAB 1 MOTO - TOTAL;MOTOCICLETAS;15000;15000;9069;CARTA DE CRÉDITO - MOTO15;29/01/2026;29/01/2026;29/01/2026;30/01/2026;AM;ANDAMENTO;;003970;30866485000161;PAMELA MATIAS DA SILVA;3970;PAMELA - GFT ;18;SANDRO;1;;;;;;;;;29/01/2026 00:00;N00;;;;;;;;;;;30;4;0;247,5;21,27;25;2;GFT - REPRESENTANTE;02/02/2026 00:00;75
487374;1041;119;0;22134659;964;TAB AUTOS  ATÉ 70M;AUTOMOVEIS;50497,84;50497,84;3345;CREDITO AUTO 46;29/01/2026;29/01/2026;29/01/2026;;SP;ANDAMENTO;;003044;17278571000195;GFT PROMOTORA DE VENDAS LTDA;3044;GFT PROMOTORA - GFT;18;SANDRO;;0;0;1048,03;215,73;777,67;16,56;38,07;0;29/01/2026 00:00;N00;;;;;;;;;;;;;;;;;;GFT - WHITE LABEL;;61
487390;314;967;0;22134675;963;TAB MOTO 71 A 84M ;MOTOCICLETAS;23000;23000;9109;CARTA DE CRÉDITO - MOTO 23;29/01/2026;29/01/2026;29/01/2026;30/01/2026;AM;ANDAMENTO;;003970;30866485000161;PAMELA MATIAS DA SILVA;3970;PAMELA - GFT ;18;SANDRO;1;;;;;;;;;29/01/2026 00:00;N00;;;;;;;;;;;39,1;5,61;0;310,5;24,93;25;2;GFT - REPRESENTANTE;02/02/2026 00:00;82
488173;800;123;0;22135417;918;TAB PESADOS ;CAMINHOES / ONIBUS;203434,98;203434,98;3042;CARTA DE CRÉDITO 150-CAMINHÃO;03/02/2026;03/02/2026;03/02/2026;;RR;ANDAMENTO;;003970;30866485000161;PAMELA MATIAS DA SILVA;3970;PAMELA - GFT ;18;SANDRO;;0;0;2124,88;217,27;1871,6;36,01;0;0;03/02/2026 00:00;N00;;;;;;;;;;;;;;;;;;GFT - REPRESENTANTE;;113
488301;1030;1651;0;22135544;381;AUTO TAB. 1 - PRESTAMISTA;AUTOMOVEIS;74569,91;74569,91;3143;CRÉDITO AUTO 65;03/02/2026;03/02/2026;03/02/2026;05/02/2026;AM;ANDAMENTO;;003970;30866485000161;PAMELA MATIAS DA SILVA;3970;PAMELA - GFT ;18;SANDRO;1;;;;;;;;;03/02/2026 00:00;N00;;;;;;;;;;;135,42;18,87;0;1006,69;56,68;21;2;GFT - REPRESENTANTE;06/02/2026 00:00;79
489026;800;139;0;22136201;935;TAB PESADOS RED - WL GFT;CAMINHOES / ONIBUS;189872,66;189872,66;3041;CARTA DE CRÉDITO 140-CAMINHÃO;06/02/2026;06/02/2026;06/02/2026;09/02/2026;BA;ANDAMENTO;;003044;17278571000195;GFT PROMOTORA DE VENDAS LTDA;3044;GFT PROMOTORA - GFT;18;SANDRO;1;0;0;1024,94;193,86;797,47;33,61;0;0;06/02/2026 00:00;N00;;;;;;;;;;;193,86;33,61;0;797,47;0;18;2;GFT - WHITE LABEL;10/02/2026 00:00;113
460364;1043;316;0;22109296;928;TAB AUTOS REDUZ - WL 928;AUTOMOVEIS;62400;62400;3457;CREDITO AUTO 60;09/09/2025;09/09/2025;09/09/2025;10/09/2025;PE;ANDAMENTO;;003388;49552580000119;CAPITAL PRIME CORRETORA - VENDAS 2;3386;CAPITAL PRIME;18;SANDRO;5;;;;;;;;;13/01/2026 00:00;N00;;;;;;;;;;;489,49;86,76;2,01;2132,16;137,29;21;2;GFT FILIAL - REPRES VENDA;11/09/2025 00:00;72
460594;1026;882;2;22109505;928;TAB AUTOS REDUZ - WL 928;AUTOMOVEIS;119348,52;119348,52;1388;CRÉDITO AUTO 88;10/09/2025;10/09/2025;10/09/2025;12/09/2025;AC;ANDAMENTO;30/12/2025;003387;49552580000119;CAPITAL PRIME CORRETORA - VENDAS 1;3386;CAPITAL PRIME;18;SANDRO;1;0;0;1770,42;731,49;930,92;56,81;51,2;0;30/12/2025 00:00;E00;;;;;;;;;PARCELAS EM ATRASO;30/12/2025 00:00;731,49;56,81;0;930,92;51,2;17;2;GFT FILIAL - REPRES VENDA;15/09/2025 00:00;42
461573;1048;103;1;22110454;928;TAB AUTOS REDUZ - WL 928;AUTOMOVEIS;30000;30000;3592;CREDITO AUTO 30;15/09/2025;15/09/2025;15/09/2025;18/09/2025;BA;ANDAMENTO;30/01/2026;003094;01003229000142;INFINITE CORRETORA DE CREDITO LTDA;3094;INFINITE CREDITO - GFT;18;SANDRO;1;0;0;238,41;12,84;205,02;7,14;13,41;0;30/01/2026 00:00;E00;;;;;;;;;PARCELAS EM ATRASO;30/01/2026 00:00;12,84;7,14;0;205,02;13,41;22;2;GFT FILIAL-REPRESENTANTE;19/09/2025 00:00;84
462092;1044;723;4;22110925;928;TAB AUTOS REDUZ - WL 928;AUTOMOVEIS;104000;104000;3528;CREDITO AUTO 100;17/09/2025;17/09/2025;17/09/2025;19/09/2025;AM;ANDAMENTO;30/01/2026;003387;49552580000119;CAPITAL PRIME CORRETORA - VENDAS 1;3386;CAPITAL PRIME;18;SANDRO;1;0;0;936,59;151,22;710,75;28,5;46,12;0;30/01/2026 00:00;E00;;;;;;;;;PARCELAS EM ATRASO;30/01/2026 00:00;145,4;27,4;0;683,4;44,34;21;2;GFT FILIAL - REPRES VENDA;22/09/2025 00:00;73
462415;608;494;3;22111212;937;TAB IMOVEL WL - 937 RED;IMOVEIS ;144043,08;144043,08;3069;CARTA DE CREDITO 105 - IMOVEL;19/09/2025;19/09/2025;19/09/2025;19/09/2025;RO;ANDAMENTO;30/01/2026;003387;49552580000119;CAPITAL PRIME CORRETORA - VENDAS 1;3386;CAPITAL PRIME;18;SANDRO;1;0;0;678,38;94,92;500,09;20,02;63,35;0;30/01/2026 00:00;E00;;;;;;;;;PARCELAS EM ATRASO;30/01/2026 00:00;144,05;20,02;0;1188,35;63,35;20;2;GFT FILIAL - REPRES VENDA;22/09/2025 00:00;144
463715;1041;146;0;22112402;928;TAB AUTOS REDUZ - WL 928;AUTOMOVEIS;79040,1;79040,1;3371;CREDITO AUTO 72;26/09/2025;26/09/2025;26/09/2025;26/09/2025;PE;ANDAMENTO;;003131;01003229000142;INFINITE CORRETORA DE CREDITO vendas 02;3094;INFINITE CREDITO - GFT;18;SANDRO;5;;;;;;;;;10/12/2025 00:00;N00;;;;;;;;;;;560,49;120,66;7,29;3055,07;172,25;20;2;GFT FILIAL - REPRES VENDA;29/09/2025 00:00;65
463875;1048;326;1;22112530;928;TAB AUTOS REDUZ - WL 928;AUTOMOVEIS;35000;35000;3593;CREDITO AUTO 35;26/09/2025;26/09/2025;26/09/2025;30/09/2025;PE;ANDAMENTO;30/01/2026;003130;01003229000142;INFINITE CORRETORA DE CREDITO vendas 01;3094;INFINITE CREDITO - GFT;18;SANDRO;1;0;0;278,15;14,98;239,19;8,33;15,65;0;30/01/2026 00:00;E00;;;;;;;;;PARCELAS EM ATRASO;30/01/2026 00:00;14,98;8,33;0;239,19;15,65;22;2;GFT FILIAL - REPRES VENDA;01/10/2025 00:00;84
464086;1043;384;0;22112739;928;TAB AUTOS REDUZ - WL 928;AUTOMOVEIS;60320;60320;3455;CREDITO AUTO 58;27/09/2025;27/09/2025;27/09/2025;30/09/2025;RO;ANDAMENTO;;003722;12345678909;GFT PROMOTORA DE VENDAS LTDA*vendas 182;3044;GFT PROMOTORA - GFT;18;SANDRO;5;;;;;;;;;23/12/2025 00:00;N00;;;;;;;;;;;508,82;85,06;0;2061,17;133,75;21;2;GFT - VENDA;01/10/2025 00:00;71
464794;610;9047;0;22113309;946;TAB IMOVEL L REDUZ ;IMOVEIS ;263467;263467;3389;CRÉDITO IMÓVEL 240;30/09/2025;30/09/2025;30/09/2025;01/10/2025;RO;ANDAMENTO;;003338;39339901000148;J.C.CONSORCIO LTDA;3338;J.C.CONSORCIO;18;SANDRO;3;0;0;103,86;0;0;0;0;103,86;03/02/2026 00:00;N00;;;;;;;;;;;467,17;85,65;0;3503,8;0;21;2;GFT FILIAL-REPRESENTANTE;02/10/2025 00:00;181
469248;1038;1382;0;22117469;968;TAB AUTOS  ATÉ 70M RED;AUTOMOVEIS;54793,76;54793,76;3271;CREDITO AUTO 50;23/10/2025;23/10/2025;23/10/2025;23/10/2025;BA;ANDAMENTO;;003112;12345678909;GFT PROMOTORA DE VENDAS LTDA 25;3044;GFT PROMOTORA - GFT;18;SANDRO;4;;;;;;;;;23/10/2025 00:00;N00;;;;;;;;;;;446,24;71,88;0;1709,56;96,4;20;2;GFT - VENDA;24/10/2025 00:00;61
471818;800;190;0;22119952;935;TAB PESADOS RED - WL GFT;CAMINHOES / ONIBUS;162747,98;162747,99;3039;CARTA DE CRÉDITO 120-CAMINHÃO;05/11/2025;05/11/2025;05/11/2025;10/11/2025;BA;ANDAMENTO;;003094;01003229000142;INFINITE CORRETORA DE CREDITO LTDA;3094;INFINITE CREDITO - GFT;18;SANDRO;4;;;;;;;;;05/11/2025 00:00;N00;13/11/2025;0;0;SO;Sorteio;NÃO;0;162747,98;;;80020,32;1555,38;0;11082,26;211,2;18;2;GFT FILIAL-REPRESENTANTE;11/11/2025 00:00;116
472818;903;69;0;22120913;960;TAB SERVIÇO ATÉ 70M;SERVIÇOS;25000;25000;9063;SERVIÇOS 25;11/11/2025;11/11/2025;11/11/2025;11/11/2025;PI;ANDAMENTO;;003085;12345678909;GFT PROMOTORA DE VENDAS LTDA - Vendas 07;3044;GFT PROMOTORA - GFT;18;SANDRO;1;2;62;586,47;166,88;385,01;23,58;11;0;13/01/2026 00:00;NN2;;;;;;;;;;;166,88;23,57;0;385;11;17;5;GFT - VENDA;12/11/2025 00:00;53
473173;608;691;0;22121261;780;IMOVEL LINEAR - RED ;IMOVEIS ;89169,53;89169,53;3061;CARTA DE CREDITO 65 - IMOVEL;12/11/2025;12/11/2025;12/11/2025;12/11/2025;BA;ANDAMENTO;;003112;12345678909;GFT PROMOTORA DE VENDAS LTDA 25;3044;GFT PROMOTORA - GFT;18;SANDRO;3;;;;;;;;;12/11/2025 00:00;N00;;;;;;;;;;;354,45;37,71;0;775,77;117,66;20;2;GFT - VENDA;13/11/2025 00:00;142
473208;1044;826;3;22121291;969;TAB AUTOS 71 A 84M RED ;AUTOMOVEIS;84240;84240;3509;CREDITO AUTO 81;12/11/2025;12/11/2025;12/11/2025;12/11/2025;PI;ANDAMENTO;12/12/2025;003208;55098945000180;LIFEBANK INSTITUICAO DE PAGAMENTOS LTDA;3208;LIFEBANK - GFT;18;SANDRO;1;0;0;768,62;132,17;575,68;23,42;37,35;0;12/12/2025 00:00;E00;;;;;;;;;SOLICITACAO CONSORCIADO;12/12/2025 11:49;132,17;23,42;0;575,7;37,35;21;2;GFT - REPRESENTANTE;13/11/2025 00:00;72
474342;1038;591;0;22122339;928;TAB AUTOS REDUZ - WL 928;AUTOMOVEIS;30684,5;30684,5;3249;CREDITO AUTO 28;18/11/2025;18/11/2025;18/11/2025;19/11/2025;BA;ANDAMENTO;;003094;01003229000142;INFINITE CORRETORA DE CREDITO LTDA;3094;INFINITE CREDITO - GFT;18;SANDRO;1;1;29;330,58;67,51;239,35;10,22;13,5;0;13/01/2026 00:00;NN1;;;;;;;;;;;67,51;10,22;0;239,34;13,5;20;2;GFT FILIAL-REPRESENTANTE;21/11/2025 00:00;60
474415;1044;1197;0;22122411;928;TAB AUTOS REDUZ - WL 928;AUTOMOVEIS;100880;100880;3525;CREDITO AUTO 97;18/11/2025;18/11/2025;18/11/2025;19/11/2025;PE;ANDAMENTO;;003094;01003229000142;INFINITE CORRETORA DE CREDITO LTDA;3094;INFINITE CREDITO - GFT;18;SANDRO;1;2;62;920,46;158,28;689,41;28,04;44,73;0;13/01/2026 00:00;NN2;;;;;;;;;;;158,28;28,04;0;689,41;44,73;21;2;GFT FILIAL-REPRESENTANTE;21/11/2025 00:00;72
474416;1039;287;0;22122412;928;TAB AUTOS REDUZ - WL 928;AUTOMOVEIS;35141,92;35141,92;3274;CREDITO AUTO 32;18/11/2025;18/11/2025;18/11/2025;19/11/2025;BA;ANDAMENTO;;003094;01003229000142;INFINITE CORRETORA DE CREDITO LTDA;3094;INFINITE CREDITO - GFT;18;SANDRO;4;;;;;;;;;18/11/2025 00:00;N00;;;;;;;;;;;263,84;45,4;0;1096,41;61,84;20;2;GFT FILIAL-REPRESENTANTE;21/11/2025 00:00;62
474489;1030;808;0;22122482;503;TAB 1 AUTO P - REDUZIDA;AUTOMOVEIS;91778,36;91778,36;3146;CRÉDITO AUTO 80;18/11/2025;18/11/2025;18/11/2025;18/11/2025;AM;ANDAMENTO;;003970;30866485000161;PAMELA MATIAS DA SILVA;3970;PAMELA - GFT ;18;SANDRO;3;;;;;;;;;18/11/2025 00:00;N00;;;;;;;;;;;269,01;67,17;0;1779,25;123,09;22;2;GFT - REPRESENTANTE;19/11/2025 00:00;82
476129;1044;548;0;22124057;928;TAB AUTOS REDUZ - WL 928;AUTOMOVEIS;100880;100880;3525;CREDITO AUTO 97;27/11/2025;27/11/2025;27/11/2025;27/11/2025;PE;ANDAMENTO;;003094;01003229000142;INFINITE CORRETORA DE CREDITO LTDA;3094;INFINITE CREDITO - GFT;18;SANDRO;1;1;29;932,76;170,18;689,4;28,45;44,73;0;13/01/2026 00:00;SC1;;;;;;;;;;;170,18;28,45;0;689,41;44,73;21;2;GFT FILIAL-REPRESENTANTE;28/11/2025 00:00;71
476387;1046;1233;0;22124314;689;TAB AUTO WL RED FUNCIONARIO;AUTOMOVEIS;50000;50000;3555;CREDITO AUTO 50;28/11/2025;28/11/2025;28/11/2025;28/11/2025;BA;ANDAMENTO;;003044;17278571000195;GFT PROMOTORA DE VENDAS LTDA;3044;GFT PROMOTORA - GFT;18;SANDRO;3;;;;;;;;;28/11/2025 00:00;N00;;;;;;;;;;;505,2;39,45;0;600;61,65;12;2;GFT - WHITE LABEL;01/12/2025 00:00;76
476464;610;9955;0;22124385;780;IMOVEL LINEAR - RED ;IMOVEIS ;263467;263467;3389;CRÉDITO IMÓVEL 240;08/12/2025;08/12/2025;28/11/2025;08/12/2025;SP;ANDAMENTO;;003478;70182571000170;PORTAL NEGOCIOS E SOLUCOES CORRETORA DE ;3478;PORTAL;18;SANDRO;1;1;29;920;126,46;764,03;29,51;0;0;13/01/2026 00:00;NN1;;;;;;;;;;;126,46;29,51;0;764,03;116,83;21;2;GFT FILIAL-REPRESENTANTE;09/12/2025 00:00;179
476728;1048;1123;0;22124622;689;TAB AUTO WL RED FUNCIONARIO;AUTOMOVEIS;50000;50000;3596;CREDITO AUTO 50;28/11/2025;28/11/2025;28/11/2025;28/11/2025;RO;ANDAMENTO;;003044;17278571000195;GFT PROMOTORA DE VENDAS LTDA;3044;GFT PROMOTORA - GFT;18;SANDRO;2;;;;;;;;;28/11/2025 00:00;N00;;;;;;;;;;;282,9;24,4;0;400;41,1;12;2;GFT - WHITE LABEL;01/12/2025 00:00;82
477040;1045;277;0;22124934;503;TAB 1 AUTO P - REDUZIDA;AUTOMOVEIS;52230;52230;3534;CREDITO AUTO 50;01/12/2025;01/12/2025;01/12/2025;01/12/2025;BA;ANDAMENTO;;004027;26463423000131;JONE RIVES RAMOS ALECRIM vendas 1;3044;GFT PROMOTORA - GFT;18;SANDRO;3;;;;;;;;;16/01/2026 00:00;N00;;;;;;;;;;;282,04;42,32;0,15;998,1;68,49;21;2;GFT - REPRESENTANTE VENDA;02/12/2025 00:00;73
477786;1045;393;0;22125666;928;TAB AUTOS REDUZ - WL 928;AUTOMOVEIS;62676;62676;3539;CREDITO AUTO 60;04/12/2025;04/12/2025;04/12/2025;08/12/2025;BA;ANDAMENTO;;003094;01003229000142;INFINITE CORRETORA DE CREDITO LTDA;3094;INFINITE CREDITO - GFT;18;SANDRO;1;1;26;564,41;91,13;428,32;17,17;27,79;0;16/01/2026 00:00;NN1;;;;;;;;;;;87,24;16,44;0;410,04;26,61;21;2;GFT FILIAL-REPRESENTANTE;09/12/2025 00:00;73
456485;1033;27;8;22105717;928;TAB AUTOS REDUZ - WL 928;AUTOMOVEIS;61436,76;61436,76;3179;CRÉDITO AUTO 54;20/08/2025;20/08/2025;20/08/2025;22/08/2025;RO;ANDAMENTO;30/12/2025;003387;49552580000119;CAPITAL PRIME CORRETORA - VENDAS 1;3386;CAPITAL PRIME;18;SANDRO;1;0;0;800,76;269,58;479,2;25,62;26,36;0;30/12/2025 00:00;E00;;;;;;;;;PARCELAS EM ATRASO;30/12/2025 00:00;269,58;25,62;0;479,21;26,36;17;2;GFT FILIAL - REPRES VENDA;25/08/2025 00:00;48
456712;800;139;5;22105920;935;TAB PESADOS RED - WL GFT;CAMINHOES / ONIBUS;257684,31;257684,31;3021;CARTA DE CRÉDITO 190-CAMINHÃO;21/08/2025;21/08/2025;21/08/2025;25/08/2025;BA;ANDAMENTO;30/01/2026;003094;01003229000142;INFINITE CORRETORA DE CREDITO LTDA;3094;INFINITE CREDITO - GFT;18;SANDRO;2;0;0;1331,99;206,15;1082,29;43,55;0;0;30/01/2026 00:00;E00;;;;;;;;;PARCELAS EM ATRASO;30/01/2026 00:00;412,3;87,1;1,33;2164,56;0;18;2;GFT FILIAL-REPRESENTANTE;26/08/2025 00:00;118
458179;1038;1918;4;22107268;928;TAB AUTOS REDUZ - WL 928;AUTOMOVEIS;27396,88;27396,88;3246;CREDITO AUTO 25;29/08/2025;29/08/2025;29/08/2025;29/08/2025;RO;ANDAMENTO;30/12/2025;003387;49552580000119;CAPITAL PRIME CORRETORA - VENDAS 1;3386;CAPITAL PRIME;18;SANDRO;1;0;0;281,65;47,23;213,69;8,68;12,05;0;30/12/2025 00:00;E00;;;;;;;;;PARCELAS EM ATRASO;30/12/2025 00:00;44,93;8,26;0;203,27;11,46;20;2;GFT FILIAL - REPRES VENDA;01/09/2025 00:00;63
459635;1043;201;3;22108601;928;TAB AUTOS REDUZ - WL 928;AUTOMOVEIS;67600;67600;3462;CREDITO AUTO 65;05/09/2025;05/09/2025;05/09/2025;08/09/2025;RO;ANDAMENTO;30/12/2025;003387;49552580000119;CAPITAL PRIME CORRETORA - VENDAS 1;3386;CAPITAL PRIME;18;SANDRO;1;0;0;635,31;106,06;479,74;19,53;29,98;0;30/12/2025 00:00;E00;;;;;;;;;PARCELAS EM ATRASO;30/12/2025 00:00;101,99;18,07;0;444,21;28,82;21;2;GFT FILIAL - REPRES VENDA;09/09/2025 00:00;72
460172;1038;1935;0;22109116;912;TAB AUTOS - WL 912/913;AUTOMOVEIS;31780,38;31780,38;3250;CREDITO AUTO 29;08/09/2025;08/09/2025;08/09/2025;10/09/2025;PE;ANDAMENTO;;003388;49552580000119;CAPITAL PRIME CORRETORA - VENDAS 2;3386;CAPITAL PRIME;18;SANDRO;3;2;62;639,36;115,93;489,4;10,07;23,96;0;13/01/2026 00:00;NN2;;;;;;;;;;;342,14;29,72;0;1444,34;70,71;20;2;GFT FILIAL - REPRES VENDA;11/09/2025 00:00;63
460925;1038;1982;3;22109816;912;TAB AUTOS - WL 912/913;AUTOMOVEIS;28492,75;28492,75;3247;CREDITO AUTO 26;11/09/2025;11/09/2025;11/09/2025;12/09/2025;PE;ANDAMENTO;30/12/2025;003474;32723944000183;A B ALVES INVESTIMENTOS EM CREDITOS;3474;A B ALVES;18;SANDRO;1;0;0;573,23;103,94;438,78;9,03;21,48;0;30/12/2025 00:00;E00;;;;;;;;;PARCELAS EM ATRASO;30/12/2025 00:00;98,87;8,59;0;417,38;20,43;20;2;GFT - REPRESENTANTE;15/09/2025 00:00;63
461068;1039;99;0;22109955;928;TAB AUTOS REDUZ - WL 928;AUTOMOVEIS;37338,3;37338,3;3276;CREDITO AUTO 34;12/09/2025;12/09/2025;12/09/2025;12/09/2025;PE;ANDAMENTO;;003094;01003229000142;INFINITE CORRETORA DE CREDITO LTDA;3094;INFINITE CREDITO - GFT;18;SANDRO;6;;;;;;;;;12/09/2025 00:00;N00;;;;;;;;;;;350,01;69,54;0;1733,37;96,9;20;2;GFT FILIAL-REPRESENTANTE;15/09/2025 00:00;64
462527;1041;360;2;22111315;928;TAB AUTOS REDUZ - WL 928;AUTOMOVEIS;47204,51;47204,51;3342;CREDITO AUTO 43;19/09/2025;19/09/2025;19/09/2025;30/09/2025;BA;ANDAMENTO;30/01/2026;003130;01003229000142;INFINITE CORRETORA DE CREDITO vendas 01;3094;INFINITE CREDITO - GFT;18;SANDRO;1;0;0;476,91;67,55;373,82;14,78;20,76;0;30/01/2026 00:00;E00;;;;;;;;;PARCELAS EM ATRASO;30/01/2026 00:00;63,55;13,68;0;346,38;19,83;20;2;GFT FILIAL - REPRES VENDA;30/09/2025 00:00;65
464315;903;29;0;22112923;943;TAB 1 SERVIÇO - WL;SERVIÇOS;50000;50000;9068;SERVIÇOS 50;29/09/2025;29/09/2025;29/09/2025;29/09/2025;PR;ANDAMENTO;;003344;51407519000120;ATIVA AGENDAMENTO DE CONTRATOS LTDA;3344;ATIVA AGENDAMENTO - GFT;18;SANDRO;4;;;;;;;;;29/09/2025 00:00;N00;18/12/2025;66;33;LL;Lance Livre;NÃO;33000;50000;;;30302,5;1510,75;0;5058,3;87,96;17;5;GFT FILIAL-REPRESENTANTE;30/09/2025 00:00;54
464792;610;9045;0;22113307;946;TAB IMOVEL L REDUZ ;IMOVEIS ;263467;263467;3389;CRÉDITO IMÓVEL 240;30/09/2025;30/09/2025;30/09/2025;01/10/2025;RO;ANDAMENTO;;003338;39339901000148;J.C.CONSORCIO LTDA;3338;J.C.CONSORCIO;18;SANDRO;3;0;0;1372,66;158,08;1185,6;28,98;0;0;04/02/2026 00:00;N00;;;;;;;;;;;467,17;85,65;0;3503,8;0;21;2;GFT FILIAL-REPRESENTANTE;02/10/2025 00:00;181
464863;1043;23;0;22113378;928;TAB AUTOS REDUZ - WL 928;AUTOMOVEIS;70720;70720;3465;CREDITO AUTO 68;01/10/2025;01/10/2025;01/10/2025;01/10/2025;RO;ANDAMENTO;;003387;49552580000119;CAPITAL PRIME CORRETORA - VENDAS 1;3386;CAPITAL PRIME;18;SANDRO;4;;;;;;;;;21/01/2026 00:00;N00;;;;;;;;;;;477,21;79,76;1,66;1933,14;125,44;21;2;GFT FILIAL - REPRES VENDA;02/10/2025 00:00;71
470785;903;26;0;22118939;960;TAB SERVIÇO ATÉ 70M;SERVIÇOS;35000;35000;9065;SERVIÇOS 35;31/10/2025;31/10/2025;31/10/2025;31/10/2025;PR;ANDAMENTO;;003344;51407519000120;ATIVA AGENDAMENTO DE CONTRATOS LTDA;3344;ATIVA AGENDAMENTO - GFT;18;SANDRO;4;;;;;;;;;31/10/2025 00:00;N00;;;;;;;;;;;934,51;132,04;0;2156,04;61,56;17;5;GFT FILIAL-REPRESENTANTE;03/11/2025 00:00;53
478409;314;539;0;22126261;963;TAB MOTO 71 A 84M ;MOTOCICLETAS;20000;20000;9106;CARTA DE CRÉDITO - MOTO 20;06/12/2025;06/12/2025;06/12/2025;06/12/2025;AM;ANDAMENTO;;003970;30866485000161;PAMELA MATIAS DA SILVA;3970;PAMELA - GFT ;18;SANDRO;1;1;26;327,32;34;270;4,76;18,56;0;16/01/2026 00:00;SC1;;;;;;;;;;;34;4,76;0;270;18,56;25;2;GFT - REPRESENTANTE;09/12/2025 00:00;84
478807;1045;496;0;22126643;969;TAB AUTOS 71 A 84M RED ;AUTOMOVEIS;43873,2;43873,2;3530;CREDITO AUTO 42;09/12/2025;09/12/2025;09/12/2025;09/12/2025;PE;ANDAMENTO;;003478;70182571000170;PORTAL NEGOCIOS E SOLUCOES CORRETORA DE ;3478;PORTAL;18;SANDRO;2;;;;;;;;;09/12/2025 00:00;N00;;;;;;;;;;;124,86;23,53;0;586,85;38,07;21;2;GFT FILIAL-REPRESENTANTE;10/12/2025 00:00;73
478848;610;661;0;22126682;780;IMOVEL LINEAR - RED ;IMOVEIS ;252489,2;252489,21;3388;CRÉDITO IMÓVEL 230;09/12/2025;09/12/2025;09/12/2025;09/12/2025;SP;ANDAMENTO;;003454;12345678909;GFT PROMOTORA DE VENDAS VENDA 162;3044;GFT PROMOTORA - GFT;18;SANDRO;3;;;;;;;;;09/12/2025 00:00;N00;;;;;;;;;;;363,57;84,84;0;2196,6;111,96;21;2;GFT - VENDA;10/12/2025 00:00;179
479400;903;999;0;22127201;960;TAB SERVIÇO ATÉ 70M;SERVIÇOS;25000;25000;9063;SERVIÇOS 25;11/12/2025;11/12/2025;11/12/2025;11/12/2025;MT;ANDAMENTO;;003462;22282006000131;META INVESTIMENTOS E CONSULTORIA LTDA;3462;META INVESTIMENTOS;18;SANDRO;1;1;29;597,55;177,5;385;24,05;11;0;13/01/2026 00:00;NN1;;;;;;;;;;;177,5;24,05;0;385;11;17;5;GFT FILIAL-REPRESENTANTE;12/12/2025 00:00;52
479847;1043;154;0;22127640;381;AUTO TAB. 1 - PRESTAMISTA;AUTOMOVEIS;45760;45760;3441;CREDITO AUTO 44;13/12/2025;13/12/2025;13/12/2025;15/12/2025;AM;ANDAMENTO;;003970;30866485000161;PAMELA MATIAS DA SILVA;3970;PAMELA - GFT ;18;SANDRO;1;1;29;894,33;91,52;755,04;13,27;34,5;0;27/01/2026 00:00;SC1;;;;;;;;;;;91,52;13,27;0;755,04;34,5;20;2;GFT - REPRESENTANTE;15/12/2025 00:00;69
480011;314;520;0;22127791;62;TAB 1 MOTO - TOTAL;MOTOCICLETAS;19000;19000;9105;CARTA DE CRÉDITO - MOTO 19;15/12/2025;15/12/2025;15/12/2025;15/12/2025;AM;ANDAMENTO;;003970;30866485000161;PAMELA MATIAS DA SILVA;3970;PAMELA - GFT ;18;SANDRO;1;1;26;311,4;32,3;256,5;4,52;18,08;0;29/01/2026 00:00;AD2;;;;;;;;;;;32,3;4,52;0;256,5;18,08;25;2;GFT - REPRESENTANTE;15/12/2025 00:00;84
483386;1030;1215;0;22130955;381;AUTO TAB. 1 - PRESTAMISTA;AUTOMOVEIS;74569,91;74569,91;3143;CRÉDITO AUTO 65;08/01/2026;08/01/2026;08/01/2026;08/01/2026;AM;ANDAMENTO;;003970;30866485000161;PAMELA MATIAS DA SILVA;3970;PAMELA - GFT ;18;SANDRO;1;;;;;;;;;08/01/2026 00:00;N00;;;;;;;;;;;130,5;18,64;0;1006,69;57,14;22;2;GFT - REPRESENTANTE;09/01/2026 00:00;80
484388;610;866;0;22131918;946;TAB IMOVEL L REDUZ ;IMOVEIS ;296400,38;296400,37;3392;CRÉDITO IMÓVEL 270;14/01/2026;14/01/2026;14/01/2026;14/01/2026;AM;ANDAMENTO;;004123;30866485000161;PAMELA MATIAS DA SILVA VENDAS 3;3970;PAMELA - GFT ;18;SANDRO;1;;;;;;;;;14/01/2026 00:00;N00;;;;;;;;;;;177,84;33,2;0;1333,8;131,43;21;2;GFT - REPRESENTANTE VENDA;15/01/2026 00:00;178
484410;1042;501;0;22131939;503;TAB 1 AUTO P - REDUZIDA;AUTOMOVEIS;63440;63440;3417;CREDITO AUTO 61;14/01/2026;14/01/2026;14/01/2026;14/01/2026;AM;ANDAMENTO;;003970;30866485000161;PAMELA MATIAS DA SILVA;3970;PAMELA - GFT ;18;SANDRO;1;;;;;;;;;14/01/2026 00:00;N00;;;;;;;;;;;88,25;19,22;0;488,49;27,9;20;2;GFT - REPRESENTANTE;15/01/2026 00:00;66
484984;1032;9998;0;22132464;968;TAB AUTOS  ATÉ 70M RED;AUTOMOVEIS;34199,39;34199,39;3151;CRÉDITO AUTO 30;16/01/2026;16/01/2026;16/01/2026;29/01/2026;AM;ANDAMENTO;;003970;30866485000161;PAMELA MATIAS DA SILVA;3970;PAMELA - GFT ;18;SANDRO;1;;;;;;;;;06/02/2026 00:00;NCP;;;;;;;;;;;209,61;16,28;0;266,76;14,67;17;2;GFT - REPRESENTANTE;30/01/2026 00:00;42
486756;610;994;0;22134078;777;TAB7 IMOVEL ;IMOVEIS ;208578,05;208578,04;3384;CRÉDITO IMÓVEL 190;26/01/2026;26/01/2026;26/01/2026;27/01/2026;AM;ANDAMENTO;;004123;30866485000161;PAMELA MATIAS DA SILVA VENDAS 3;3970;PAMELA - GFT ;18;SANDRO;1;;;;;;;;;26/01/2026 00:00;N00;;;;;;;;;;;208,58;23,57;0;1668,62;92,49;21;2;GFT - REPRESENTANTE VENDA;28/01/2026 00:00;177
486802;1036;279;0;22134119;968;TAB AUTOS  ATÉ 70M RED;AUTOMOVEIS;102917,68;102917,68;3225;CRÉDITO AUTO 90;27/01/2026;27/01/2026;27/01/2026;27/01/2026;SP;ANDAMENTO;;003933;12345678909;GFT PROMOTORA DE VENDAS LTDA**vendas 235;3044;GFT PROMOTORA - GFT;18;SANDRO;1;;;;;;;;;27/01/2026 00:00;N00;;;;;;;;;;;451,6;42,92;0;802,76;44,15;17;2;GFT - VENDA;27/01/2026 00:00;48
486925;1032;90;0;22134232;912;TAB AUTOS - WL 912/913;AUTOMOVEIS;34199,39;34199,39;3151;CRÉDITO AUTO 30;27/01/2026;27/01/2026;27/01/2026;27/01/2026;AM;ANDAMENTO;;004002;30679749000178;D C BARROS LTDA;402;D C BARROS;18;SANDRO;1;;;;;;;;;27/01/2026 00:00;N00;;;;;;;;;;;426,02;16,28;0;526,67;25,15;17;2;GFT - REPRESENTANTE;27/01/2026 00:00;42
487225;1044;666;0;22134525;503;TAB 1 AUTO P - REDUZIDA;AUTOMOVEIS;97760;97760;3522;CREDITO AUTO 94;28/01/2026;28/01/2026;28/01/2026;29/01/2026;AM;ANDAMENTO;;003970;30866485000161;PAMELA MATIAS DA SILVA;3970;PAMELA - GFT ;18;SANDRO;1;;;;;;;;;28/01/2026 00:00;N00;;;;;;;;;;;97,37;28,35;0;752,75;43;20;2;GFT - REPRESENTANTE;30/01/2026 00:00;69
487269;608;549;0;22134562;777;TAB7 IMOVEL ;IMOVEIS ;157761,45;157761,46;3071;CARTA DE CREDITO 115 - IMOVEL;29/01/2026;29/01/2026;29/01/2026;29/01/2026;AM;ANDAMENTO;;004123;30866485000161;PAMELA MATIAS DA SILVA VENDAS 3;3970;PAMELA - GFT ;18;SANDRO;1;;;;;;;;;29/01/2026 00:00;N00;;;;;;;;;;;157,76;22,56;0;1262,09;69,39;20;2;GFT - REPRESENTANTE VENDA;30/01/2026 00:00;140
487370;312;240;0;22134655;62;TAB 1 MOTO - TOTAL;MOTOCICLETAS;19000;19000;9073;CARTA DE CRÉDITO - MOTO19;29/01/2026;29/01/2026;29/01/2026;29/01/2026;AM;ANDAMENTO;;003970;30866485000161;PAMELA MATIAS DA SILVA;3970;PAMELA - GFT ;18;SANDRO;1;;;;;;;;;29/01/2026 00:00;N00;;;;;;;;;;;38;5,07;0;313,5;23,1;25;2;GFT - REPRESENTANTE;30/01/2026 00:00;75
487381;314;966;0;22134666;963;TAB MOTO 71 A 84M ;MOTOCICLETAS;18000;18000;9104;CARTA DE CRÉDITO - MOTO 18;29/01/2026;29/01/2026;29/01/2026;29/01/2026;AM;ANDAMENTO;;003970;30866485000161;PAMELA MATIAS DA SILVA;3970;PAMELA - GFT ;18;SANDRO;1;;;;;;;;;03/02/2026 00:00;NCP;;;;;;;;;;;30,6;4,39;0;243;22,64;25;2;GFT - REPRESENTANTE;30/01/2026 00:00;82
487627;1047;11;0;22134897;969;TAB AUTOS 71 A 84M RED ;AUTOMOVEIS;80000;80000;3591;CREDITO AUTO 80;30/01/2026;30/01/2026;30/01/2026;30/01/2026;MG;ANDAMENTO;;004083;12345678909;GFT PROMOTORA DE VENDAS LTDA***venda 257;3044;GFT PROMOTORA - GFT;18;SANDRO;1;;;;;;;;;30/01/2026 00:00;N00;;;;;;;;;;;81,84;20,8;0;546,72;35,47;21;2;GFT - VENDA;02/02/2026 00:00;77
488079;1030;1622;0;22135333;503;TAB 1 AUTO P - REDUZIDA;AUTOMOVEIS;91778,36;91778,36;3146;CRÉDITO AUTO 80;02/02/2026;02/02/2026;02/02/2026;05/02/2026;AM;ANDAMENTO;;003970;30866485000161;PAMELA MATIAS DA SILVA;3970;PAMELA - GFT ;18;SANDRO;1;;;;;;;;;02/02/2026 00:00;N00;;;;;;;;;;;109,77;23,22;0;593,07;40,7;21;2;GFT - REPRESENTANTE;06/02/2026 00:00;79
488507;1044;116;0;22135743;503;TAB 1 AUTO P - REDUZIDA;AUTOMOVEIS;100880;100880;3525;CREDITO AUTO 97;04/02/2026;04/02/2026;04/02/2026;04/02/2026;BA;ANDAMENTO;;004027;26463423000131;JONE RIVES RAMOS ALECRIM vendas 1;3044;GFT PROMOTORA - GFT;18;SANDRO;1;;;;;;;;;04/02/2026 00:00;N00;;;;;;;;;;;100,47;29,26;0;776,79;44,37;20;2;GFT - REPRESENTANTE VENDA;05/02/2026 00:00;69
488688;1048;2637;0;22135904;381;AUTO TAB. 1 - PRESTAMISTA;AUTOMOVEIS;50000;50000;3596;CREDITO AUTO 50;05/02/2026;05/02/2026;05/02/2026;;AM;ANDAMENTO;;003970;30866485000161;PAMELA MATIAS DA SILVA;3970;PAMELA - GFT ;18;SANDRO;;0;0;813,32;87,5;675;12,5;38,32;0;05/02/2026 00:00;N00;;;;;;;;;;;;;;;;;;GFT - REPRESENTANTE;;80
488969;311;581;0;22136148;62;TAB 1 MOTO - TOTAL;MOTOCICLETAS;25231,2;25231,2;9056;CARTA DE CRÉDITO - MOTO24;06/02/2026;06/02/2026;06/02/2026;06/02/2026;PE;ANDAMENTO;;003926;12345678909;GFT PROMOTORA DE VENDAS LTDA**vendas 228;3044;GFT PROMOTORA - GFT;18;SANDRO;1;;;;;;;;;06/02/2026 00:00;N00;;;;;;;;;;;50,47;7,54;0;416,3;25,96;25;2;GFT - VENDA;09/02/2026 00:00;67
489042;610;1109;0;22136217;780;IMOVEL LINEAR - RED ;IMOVEIS ;241511,42;241511,42;3387;CRÉDITO IMÓVEL 220;06/02/2026;06/02/2026;06/02/2026;;SC;ANDAMENTO;;003044;17278571000195;GFT PROMOTORA DE VENDAS LTDA;3044;GFT PROMOTORA - GFT;18;SANDRO;;0;0;852,77;125,1;700,38;27,29;0;0;06/02/2026 00:00;N00;;;;;;;;;;;;;;;;;;GFT - WHITE LABEL;;177
489383;608;1337;0;22136531;777;TAB7 IMOVEL ;IMOVEIS ;157761,45;157761,46;3071;CARTA DE CREDITO 115 - IMOVEL;09/02/2026;09/02/2026;09/02/2026;;AM;ANDAMENTO;;004123;30866485000161;PAMELA MATIAS DA SILVA VENDAS 3;3970;PAMELA - GFT ;18;SANDRO;;0;0;1511,8;157,76;1262,09;22,56;69,39;0;09/02/2026 00:00;N00;;;;;;;;;;;;;;;;;;GFT - REPRESENTANTE VENDA;;140
471509;608;416;0;22119648;780;IMOVEL LINEAR - RED ;IMOVEIS ;116606,29;116606,29;3065;CARTA DE CREDITO 85 - IMOVEL;04/11/2025;04/11/2025;04/11/2025;05/11/2025;MS;ANDAMENTO;;004002;30679749000178;D C BARROS LTDA;402;D C BARROS;18;SANDRO;4;;;;;;;;;04/11/2025 00:00;N00;;;;;;;;;;;604,49;65,28;0;1352,6;51,28;20;2;GFT - REPRESENTANTE;06/11/2025 00:00;143
471511;608;420;0;22119650;780;IMOVEL LINEAR - RED ;IMOVEIS ;116606,29;116606,29;3065;CARTA DE CREDITO 85 - IMOVEL;04/11/2025;04/11/2025;04/11/2025;05/11/2025;MS;ANDAMENTO;;004002;30679749000178;D C BARROS LTDA;402;D C BARROS;18;SANDRO;4;;;;;;;;;04/11/2025 00:00;N00;;;;;;;;;;;604,49;65,28;0;1352,6;51,28;20;2;GFT - REPRESENTANTE;12/11/2025 00:00;143
471514;608;456;0;22119653;780;IMOVEL LINEAR - RED ;IMOVEIS ;116606,29;116606,29;3065;CARTA DE CREDITO 85 - IMOVEL;04/11/2025;04/11/2025;04/11/2025;05/11/2025;MS;ANDAMENTO;;004002;30679749000178;D C BARROS LTDA;402;D C BARROS;18;SANDRO;4;;;;;;;;;04/11/2025 00:00;N00;;;;;;;;;;;604,49;65,28;0;1352,6;51,28;20;2;GFT - REPRESENTANTE;06/11/2025 00:00;143
473268;800;202;0;22121342;935;TAB PESADOS RED - WL GFT;CAMINHOES / ONIBUS;135623,31;135623,31;3037;CARTA DE CRÉDITO 100-CAMINHÃO;12/11/2025;12/11/2025;12/11/2025;13/11/2025;AM;ANDAMENTO;;004008;61663487000187;AGORA PROTEGE LIMITADA;3044;GFT PROMOTORA - GFT;18;SANDRO;1;1;29;619,54;108,63;490,59;20,32;0;0;13/01/2026 00:00;NN1;;;;;;;;;;;126,13;23,6;0;569,62;0;18;2;GFT - REPRESENTANTE;14/11/2025 00:00;115
475115;1030;881;0;22123082;381;AUTO TAB. 1 - PRESTAMISTA;AUTOMOVEIS;97514,5;97514,5;3147;CRÉDITO AUTO 85;21/11/2025;21/11/2025;21/11/2025;21/11/2025;AM;ANDAMENTO;;003970;30866485000161;PAMELA MATIAS DA SILVA;3970;PAMELA - GFT ;18;SANDRO;2;1;26;1580,7;165,77;1316,41;23,79;74,73;0;16/01/2026 00:00;NN1;;;;;;;;;;;331,55;47,58;0;2632,85;149,46;22;2;GFT - REPRESENTANTE;24/11/2025 00:00;82
475221;608;959;0;22123188;780;IMOVEL LINEAR - RED ;IMOVEIS ;116606,29;116606,29;3065;CARTA DE CREDITO 85 - IMOVEL;22/11/2025;22/11/2025;22/11/2025;24/11/2025;RR;ANDAMENTO;;004002;30679749000178;D C BARROS LTDA;402;D C BARROS;18;SANDRO;2;;;;;;;;;22/11/2025 00:00;N00;;;;;;;;;;;309;32,88;0;676,31;102,56;20;2;GFT - REPRESENTANTE;25/11/2025 00:00;142
475563;1048;142;0;22123517;928;TAB AUTOS REDUZ - WL 928;AUTOMOVEIS;30000;30000;3592;CREDITO AUTO 30;25/11/2025;25/11/2025;25/11/2025;25/11/2025;BA;ANDAMENTO;;003094;01003229000142;INFINITE CORRETORA DE CREDITO LTDA;3094;INFINITE CREDITO - GFT;18;SANDRO;1;1;29;243,9;17,82;205,35;7,32;13,41;0;13/01/2026 00:00;NN1;;;;;;;;;;;17,82;7,32;0;205,35;13,41;22;2;GFT FILIAL-REPRESENTANTE;26/11/2025 00:00;82
475597;610;9875;0;22123546;688;TAB IMOVEL RED WL FUNCIONARIO;IMOVEIS ;219555,83;219555,83;3385;CRÉDITO IMÓVEL 200;25/11/2025;25/11/2025;25/11/2025;27/11/2025;CE;ANDAMENTO;;003044;17278571000195;GFT PROMOTORA DE VENDAS LTDA;3044;GFT PROMOTORA - GFT;18;SANDRO;2;;;;;;;;;19/01/2026 00:00;N00;;;;;;;;;;;633,05;49,24;1,02;791,31;182,62;16;2;GFT - WHITE LABEL;28/11/2025 00:00;179
475987;1045;142;0;22123916;928;TAB AUTOS REDUZ - WL 928;AUTOMOVEIS;62676;62676;3539;CREDITO AUTO 60;26/11/2025;26/11/2025;26/11/2025;27/11/2025;PE;ANDAMENTO;;003094;01003229000142;INFINITE CORRETORA DE CREDITO LTDA;3094;INFINITE CREDITO - GFT;18;SANDRO;2;;;;;;;;;26/11/2025 00:00;N00;;;;;;;;;;;178,37;33,61;0;838,36;54,4;21;2;GFT FILIAL-REPRESENTANTE;28/11/2025 00:00;73
476368;1046;1253;0;22124295;689;TAB AUTO WL RED FUNCIONARIO;AUTOMOVEIS;40000;40000;3550;CREDITO AUTO 40;28/11/2025;28/11/2025;28/11/2025;28/11/2025;BA;ANDAMENTO;;003044;17278571000195;GFT PROMOTORA DE VENDAS LTDA;3044;GFT PROMOTORA - GFT;18;SANDRO;1;1;29;321,68;134,72;160;10,52;16,44;0;20/01/2026 00:00;SC1;;;;;;;;;;;134,72;10,52;0;160;16,44;12;2;GFT - WHITE LABEL;01/12/2025 00:00;76
477676;314;450;0;22125562;963;TAB MOTO 71 A 84M ;MOTOCICLETAS;15000;15000;9101;CARTA DE CRÉDITO - MOTO 15;03/12/2025;03/12/2025;03/12/2025;03/12/2025;AM;ANDAMENTO;;003970;30866485000161;PAMELA MATIAS DA SILVA;3970;PAMELA - GFT ;18;SANDRO;1;1;26;247,83;25,5;202,5;3,57;16,26;0;16/01/2026 00:00;NN1;;;;;;;;;;;25,5;3,57;0;202,5;16,26;25;2;GFT - REPRESENTANTE;04/12/2025 00:00;84
477724;1047;515;0;22125609;381;AUTO TAB. 1 - PRESTAMISTA;AUTOMOVEIS;40000;40000;3571;CREDITO AUTO 40;03/12/2025;03/12/2025;03/12/2025;03/12/2025;AM;ANDAMENTO;;003970;30866485000161;PAMELA MATIAS DA SILVA;3970;PAMELA - GFT ;18;SANDRO;2;0;0;652,65;72,64;539,48;10,12;30,41;0;09/02/2026 00:00;SC0;;;;;;;;;;;145,35;20,25;0,42;1080,52;60,82;21;2;GFT - REPRESENTANTE;04/12/2025 00:00;79
478459;314;537;0;22126309;963;TAB MOTO 71 A 84M ;MOTOCICLETAS;29000;29000;9115;CARTA DE CRÉDITO - MOTO 29;08/12/2025;08/12/2025;08/12/2025;08/12/2025;AM;ANDAMENTO;;003970;30866485000161;PAMELA MATIAS DA SILVA;3970;PAMELA - GFT ;18;SANDRO;1;1;26;470,37;49,3;391,5;6,9;22,67;0;16/01/2026 00:00;SC1;;;;;;;;;;;49,3;6,9;0;391,5;22,67;25;2;GFT - REPRESENTANTE;09/12/2025 00:00;84
479682;1030;1063;2;22127475;381;AUTO TAB. 1 - PRESTAMISTA;AUTOMOVEIS;80306,06;80306,06;3144;CRÉDITO AUTO 70;12/12/2025;12/12/2025;12/12/2025;12/12/2025;AM;ANDAMENTO;29/01/2026;003970;30866485000161;PAMELA MATIAS DA SILVA;3970;PAMELA - GFT ;18;SANDRO;1;0;0;1302,03;136,52;1084,13;19,84;61,54;0;29/01/2026 00:00;E00;;;;;;;;;SOLICITACAO CONSORCIADO;29/01/2026 00:00;136,52;19,84;0;1084,13;61,54;22;2;GFT - REPRESENTANTE;15/12/2025 00:00;81
479784;1030;1081;0;22127577;381;AUTO TAB. 1 - PRESTAMISTA;AUTOMOVEIS;63097,62;63097,62;3141;CRÉDITO AUTO 55;13/12/2025;13/12/2025;13/12/2025;15/12/2025;AM;ANDAMENTO;;003970;30866485000161;PAMELA MATIAS DA SILVA;3970;PAMELA - GFT ;18;SANDRO;1;1;26;1023,06;107,27;851,85;15,59;48,35;0;16/01/2026 00:00;NN1;;;;;;;;;;;107,26;15,59;0;851,83;48,35;22;2;GFT - REPRESENTANTE;15/12/2025 00:00;81
479811;314;621;0;22127604;62;TAB 1 MOTO - TOTAL;MOTOCICLETAS;16000;16000;9102;CARTA DE CRÉDITO - MOTO 16;13/12/2025;13/12/2025;13/12/2025;15/12/2025;AM;ANDAMENTO;;003970;30866485000161;PAMELA MATIAS DA SILVA;3970;PAMELA - GFT ;18;SANDRO;2;;;;;;;;;23/01/2026 00:00;SC0;;;;;;;;;;;54,44;7,62;0,33;432,28;33,44;25;2;GFT - REPRESENTANTE;15/12/2025 00:00;84
481114;1035;403;0;22128821;;;AUTOMOVEIS;28319,05;28319,05;3200;CRÉDITO AUTO 25;19/12/2025;19/12/2025;19/12/2025;19/12/2025;BA;ANDAMENTO;;004027;26463423000131;JONE RIVES RAMOS ALECRIM vendas 1;3044;GFT PROMOTORA - GFT;18;SANDRO;1;;;;;;;;;19/12/2025 00:00;N00;22/01/2026;64,49;6;LL;Lance Livre;NÃO;18263;28319,05;;;15581,75;316,49;0;2721,73;12,15;17;2;GFT - REPRESENTANTE VENDA;22/12/2025 00:00;48
482308;800;80;0;22129940;918;TAB PESADOS ;CAMINHOES / ONIBUS;149185,66;149185,65;3038;CARTA DE CRÉDITO 110-CAMINHÃO;31/12/2025;31/12/2025;31/12/2025;31/12/2025;AM;ANDAMENTO;;003970;30866485000161;PAMELA MATIAS DA SILVA;3970;PAMELA - GFT ;18;SANDRO;1;;;;;;;;;31/12/2025 00:00;N00;;;;;;;;;;;159,33;26,11;0;1372,51;0;18;2;GFT - REPRESENTANTE;05/01/2026 00:00;114
482644;1045;279;0;22130266;503;TAB 1 AUTO P - REDUZIDA;AUTOMOVEIS;41784;41784;3529;CREDITO AUTO 40;05/01/2026;05/01/2026;05/01/2026;05/01/2026;BA;ANDAMENTO;;004027;26463423000131;JONE RIVES RAMOS ALECRIM vendas 1;3044;GFT PROMOTORA - GFT;18;SANDRO;1;;;;;;;;;05/01/2026 00:00;N00;;;;;;;;;;;81,1;11,62;0;270,01;18,53;21;2;GFT - REPRESENTANTE VENDA;06/01/2026 00:00;72
483231;610;136;0;22130817;778;TAB1 IMOVEL ;IMOVEIS ;329333,75;329333,75;3395;CRÉDITO IMÓVEL 300;08/01/2026;08/01/2026;08/01/2026;08/01/2026;AM;ANDAMENTO;;004123;30866485000161;PAMELA MATIAS DA SILVA VENDAS 3;3970;PAMELA - GFT ;18;SANDRO;1;;;;;;;;;08/01/2026 00:00;N00;;;;;;;;;;;255,56;36,89;0;2470;146,03;21;2;GFT - REPRESENTANTE VENDA;09/01/2026 00:00;178
483479;1046;463;0;22131048;503;TAB 1 AUTO P - REDUZIDA;AUTOMOVEIS;68000;68000;3564;CREDITO AUTO 68;09/01/2026;09/01/2026;09/01/2026;09/01/2026;BA;ANDAMENTO;;004027;26463423000131;JONE RIVES RAMOS ALECRIM vendas 1;3044;GFT PROMOTORA - GFT;18;SANDRO;1;;;;;;;;;09/01/2026 00:00;N00;;;;;;;;;;;109,14;18,16;0;439,42;30,15;21;2;GFT - REPRESENTANTE VENDA;12/01/2026 00:00;75
484116;608;143;0;22131667;946;TAB IMOVEL L REDUZ ;IMOVEIS ;157761,45;157761,46;3071;CARTA DE CREDITO 115 - IMOVEL;13/01/2026;13/01/2026;13/01/2026;13/01/2026;AM;ANDAMENTO;;004123;30866485000161;PAMELA MATIAS DA SILVA VENDAS 3;3970;PAMELA - GFT ;18;SANDRO;1;;;;;;;;;13/01/2026 00:00;N00;;;;;;;;;;;94,66;22,56;0;709,93;69,39;20;2;GFT - REPRESENTANTE VENDA;14/01/2026 00:00;140
484394;1042;432;0;22131924;964;TAB AUTOS  ATÉ 70M;AUTOMOVEIS;78000;78000;3431;CREDITO AUTO 75;14/01/2026;14/01/2026;14/01/2026;14/01/2026;AM;ANDAMENTO;;004123;30866485000161;PAMELA MATIAS DA SILVA VENDAS 3;3970;PAMELA - GFT ;18;SANDRO;1;;;;;;;;;14/01/2026 00:00;N00;;;;;;;;;;;217;23,63;0;1201,2;58,81;20;2;GFT - REPRESENTANTE VENDA;15/01/2026 00:00;66
484472;903;35;0;22131992;960;TAB SERVIÇO ATÉ 70M;SERVIÇOS;50000;50000;9068;SERVIÇOS 50;14/01/2026;14/01/2026;14/01/2026;14/01/2026;RO;ANDAMENTO;;003722;12345678909;GFT PROMOTORA DE VENDAS LTDA*vendas 182;3044;GFT PROMOTORA - GFT;18;SANDRO;2;;;;;;;;;14/01/2026 00:00;N00;;;;;;;;;;;754,1;98;0;1540;43,98;17;5;GFT - VENDA;15/01/2026 00:00;51
484799;608;631;0;22132291;946;TAB IMOVEL L REDUZ ;IMOVEIS ;157761,45;157761,46;3071;CARTA DE CREDITO 115 - IMOVEL;15/01/2026;15/01/2026;15/01/2026;15/01/2026;AM;ANDAMENTO;;003970;30866485000161;PAMELA MATIAS DA SILVA;3970;PAMELA - GFT ;18;SANDRO;1;;;;;;;;;15/01/2026 00:00;N00;;;;;;;;;;;94,66;22,56;0;709,93;69,39;20;2;GFT - REPRESENTANTE;16/01/2026 00:00;140
485600;1042;391;0;22133017;964;TAB AUTOS  ATÉ 70M;AUTOMOVEIS;72800;72800;3426;CREDITO AUTO 70;20/01/2026;20/01/2026;20/01/2026;21/01/2026;AM;ANDAMENTO;;004123;30866485000161;PAMELA MATIAS DA SILVA VENDAS 3;3970;PAMELA - GFT ;18;SANDRO;1;;;;;;;;;28/01/2026 00:00;NCP;;;;;;;;;;;202,53;22,06;0;1121,12;54,89;20;2;GFT - REPRESENTANTE VENDA;22/01/2026 00:00;66
485640;1041;234;0;22133057;503;TAB 1 AUTO P - REDUZIDA;AUTOMOVEIS;77942,32;77942,32;3370;CREDITO AUTO 71;20/01/2026;20/01/2026;20/01/2026;20/01/2026;BA;ANDAMENTO;;004027;26463423000131;JONE RIVES RAMOS ALECRIM vendas 1;3044;GFT PROMOTORA - GFT;18;SANDRO;1;;;;;;;;;20/01/2026 00:00;N00;;;;;;;;;;;166,48;25,57;0;600,16;34,28;20;2;GFT - REPRESENTANTE VENDA;21/01/2026 00:00;61
485666;610;644;0;22133083;778;TAB1 IMOVEL ;IMOVEIS ;219555,83;219555,83;3385;CRÉDITO IMÓVEL 200;20/01/2026;20/01/2026;20/01/2026;;RR;ANDAMENTO;;004123;30866485000161;PAMELA MATIAS DA SILVA VENDAS 3;3970;PAMELA - GFT ;18;SANDRO;;0;0;1841,86;170,38;1646,67;24,81;0;0;20/01/2026 00:00;N00;;;;;;;;;;;;;;;;;;GFT - REPRESENTANTE VENDA;;177
486095;1030;282;0;22133463;503;TAB 1 AUTO P - REDUZIDA;AUTOMOVEIS;97514,5;97514,5;3147;CRÉDITO AUTO 85;22/01/2026;22/01/2026;22/01/2026;22/01/2026;AM;ANDAMENTO;;003970;30866485000161;PAMELA MATIAS DA SILVA;3970;PAMELA - GFT ;18;SANDRO;1;;;;;;;;;22/01/2026 00:00;N00;;;;;;;;;;;116,63;24,67;0;630,14;43,24;21;2;GFT - REPRESENTANTE;23/01/2026 00:00;79
486750;610;993;0;22134072;777;TAB7 IMOVEL ;IMOVEIS ;219555,83;219555,83;3385;CRÉDITO IMÓVEL 200;26/01/2026;26/01/2026;26/01/2026;27/01/2026;AM;ANDAMENTO;;004123;30866485000161;PAMELA MATIAS DA SILVA VENDAS 3;3970;PAMELA - GFT ;18;SANDRO;1;;;;;;;;;26/01/2026 00:00;N00;;;;;;;;;;;219,56;24,81;0;1756,45;97,36;21;2;GFT - REPRESENTANTE VENDA;28/01/2026 00:00;177
486909;1046;311;0;22134216;503;TAB 1 AUTO P - REDUZIDA;AUTOMOVEIS;56000;56000;3558;CREDITO AUTO 56;27/01/2026;27/01/2026;27/01/2026;27/01/2026;BA;ANDAMENTO;;003926;12345678909;GFT PROMOTORA DE VENDAS LTDA**vendas 228;3044;GFT PROMOTORA - GFT;18;SANDRO;1;;;;;;;;;27/01/2026 00:00;N00;;;;;;;;;;;95,98;15,12;0;361,87;24,83;21;2;GFT - VENDA;27/01/2026 00:00;74
487056;610;1008;0;22134358;967;TAB IMÓVEL 160 A 220M ;IMOVEIS ;219555,83;219555,83;3385;CRÉDITO IMÓVEL 200;28/01/2026;28/01/2026;28/01/2026;28/01/2026;AM;ANDAMENTO;;003970;30866485000161;PAMELA MATIAS DA SILVA;3970;PAMELA - GFT ;18;SANDRO;1;;;;;;;;;28/01/2026 00:00;N00;;;;;;;;;;;241,51;24,81;0;2063,82;173,08;21;2;GFT - REPRESENTANTE;29/01/2026 00:00;177
487087;1048;2463;0;22134388;381;AUTO TAB. 1 - PRESTAMISTA;AUTOMOVEIS;35000;35000;3593;CREDITO AUTO 35;28/01/2026;28/01/2026;28/01/2026;28/01/2026;AM;ANDAMENTO;;003970;30866485000161;PAMELA MATIAS DA SILVA;3970;PAMELA - GFT ;18;SANDRO;1;;;;;;;;;28/01/2026 00:00;N00;;;;;;;;;;;61,25;8,75;0;472,5;26,82;22;2;GFT - REPRESENTANTE;29/01/2026 00:00;80
487150;1044;636;0;22134450;503;TAB 1 AUTO P - REDUZIDA;AUTOMOVEIS;95680;95680;3520;CREDITO AUTO 92;28/01/2026;28/01/2026;28/01/2026;29/01/2026;AM;ANDAMENTO;;004129;30866485000161;PAMELA MATIAS DA SILVA VENDAS 4;3970;PAMELA - GFT ;18;SANDRO;1;;;;;;;;;28/01/2026 00:00;N00;;;;;;;;;;;95,3;27,75;0;736,74;42,08;20;2;GFT - REPRESENTANTE VENDA;30/01/2026 00:00;69
487181;1048;2501;0;22134481;381;AUTO TAB. 1 - PRESTAMISTA;AUTOMOVEIS;50000;50000;3596;CREDITO AUTO 50;28/01/2026;28/01/2026;28/01/2026;28/01/2026;AM;ANDAMENTO;;003970;30866485000161;PAMELA MATIAS DA SILVA;3970;PAMELA - GFT ;18;SANDRO;1;;;;;;;;;28/01/2026 00:00;N00;;;;;;;;;;;87,5;12,5;0;675;38,32;22;2;GFT - REPRESENTANTE;29/01/2026 00:00;80
487350;800;216;0;22134637;918;TAB PESADOS ;CAMINHOES / ONIBUS;135623,31;135623,31;3037;CARTA DE CRÉDITO 100-CAMINHÃO;29/01/2026;29/01/2026;29/01/2026;;AM;ANDAMENTO;;003970;30866485000161;PAMELA MATIAS DA SILVA;3970;PAMELA - GFT ;18;SANDRO;;0;0;1416,59;144,84;1247,74;24,01;0;0;29/01/2026 00:00;N00;;;;;;;;;;;;;;;;;;GFT - REPRESENTANTE;;113
487601;903;28;0;22134873;960;TAB SERVIÇO ATÉ 70M;SERVIÇOS;25000;25000;9063;SERVIÇOS 25;30/01/2026;30/01/2026;30/01/2026;30/01/2026;ES;ANDAMENTO;;003817;12345678909;GFT PROMOTORA DE VENDAS LTDA*vendas 198;3044;GFT PROMOTORA - GFT;18;SANDRO;1;;;;;;;;;30/01/2026 00:00;N00;;;;;;;;;;;200;25;0;385;11;17;5;GFT - VENDA;30/01/2026 00:00;50
487654;1040;49;0;22134924;503;TAB 1 AUTO P - REDUZIDA;AUTOMOVEIS;56189,81;56189,81;3319;CREDITO AUTO 51;30/01/2026;30/01/2026;30/01/2026;03/02/2026;AM;ANDAMENTO;;004129;30866485000161;PAMELA MATIAS DA SILVA VENDAS 4;3970;PAMELA - GFT ;18;SANDRO;1;;;;;;;;;30/01/2026 00:00;N00;;;;;;;;;;;129,24;18,71;0;432,66;24,71;20;2;GFT - REPRESENTANTE VENDA;04/02/2026 00:00;60
488165;1048;320;0;22135409;503;TAB 1 AUTO P - REDUZIDA;AUTOMOVEIS;55000;55000;3597;CREDITO AUTO 55;03/02/2026;03/02/2026;03/02/2026;05/02/2026;AM;ANDAMENTO;;003970;30866485000161;PAMELA MATIAS DA SILVA;3970;PAMELA - GFT ;18;SANDRO;1;;;;;;;;;03/02/2026 00:00;N00;;;;;;;;;;;63,97;13,75;0;355,41;24,59;22;2;GFT - REPRESENTANTE;06/02/2026 00:00;80
488505;1048;735;0;22135741;381;AUTO TAB. 1 - PRESTAMISTA;AUTOMOVEIS;30000;30000;3592;CREDITO AUTO 30;04/02/2026;04/02/2026;04/02/2026;05/02/2026;AM;ANDAMENTO;;003970;30866485000161;PAMELA MATIAS DA SILVA;3970;PAMELA - GFT ;18;SANDRO;1;;;;;;;;;04/02/2026 00:00;N00;;;;;;;;;;;52,5;7,5;0;405;0;22;2;GFT - REPRESENTANTE;06/02/2026 00:00;80
488506;1027;318;0;22135742;503;TAB 1 AUTO P - REDUZIDA;AUTOMOVEIS;102524,35;102524,35;1780;CRÉDITO AUTO 80;04/02/2026;04/02/2026;04/02/2026;04/02/2026;BA;ANDAMENTO;;004027;26463423000131;JONE RIVES RAMOS ALECRIM vendas 1;3044;GFT PROMOTORA - GFT;18;SANDRO;1;;;;;;;;;04/02/2026 00:00;N00;;;;;;;;;;;831,58;55,47;0;789,44;43,98;17;2;GFT - REPRESENTANTE VENDA;05/02/2026 00:00;37
488946;1048;2723;0;22136125;381;AUTO TAB. 1 - PRESTAMISTA;AUTOMOVEIS;35000;35000;3593;CREDITO AUTO 35;06/02/2026;06/02/2026;06/02/2026;;AM;ANDAMENTO;;003970;30866485000161;PAMELA MATIAS DA SILVA;3970;PAMELA - GFT ;18;SANDRO;;0;0;569,32;61,25;472,5;8,75;26,82;0;06/02/2026 00:00;N00;;;;;;;;;;;;;;;;;;GFT - REPRESENTANTE;;80
489065;314;998;0;22136240;62;TAB 1 MOTO - TOTAL;MOTOCICLETAS;22000;22000;9108;CARTA DE CRÉDITO - MOTO 22;06/02/2026;06/02/2026;06/02/2026;;AM;ANDAMENTO;;003970;30866485000161;PAMELA MATIAS DA SILVA;3970;PAMELA - GFT ;18;SANDRO;;0;0;364,25;37,4;297;5,37;24,48;0;06/02/2026 00:00;N00;;;;;;;;;;;;;;;;;;GFT - REPRESENTANTE;;82
489077;1038;1139;0;22136252;503;TAB 1 AUTO P - REDUZIDA;AUTOMOVEIS;39451,5;39451,5;3257;CREDITO AUTO 36;06/02/2026;06/02/2026;06/02/2026;09/02/2026;AM;ANDAMENTO;;004129;30866485000161;PAMELA MATIAS DA SILVA VENDAS 4;3970;PAMELA - GFT ;18;SANDRO;1;0;0;428,44;94,13;303,78;13,61;16,92;0;06/02/2026 00:00;N00;;;;;;;;;;;94,13;13,61;0;303,78;16,92;17;2;GFT - REPRESENTANTE VENDA;10/02/2026 00:00;58
